0,1,0,0,0,0,1,0,0,0,1,0,0,1,1,1,1,0,1,1,0,1,0,1,0,0,1,0,0,0,1,Skårman Carl-Erik,0,1,1
0,1,1,0,0,0,1,0,0,0,0,0,0,0,1,0,1,0,0,1,0,1,0,0,1,0,1,1,0,0,0,Romanus Gabriel,0,2,1
0,1,0,0,0,0,1,0,0,0,1,0,0,1,1,1,1,0,0,0,0,0,0,0,0,0,1,0,0,0,1,Odenberg Mikael,0,1,1
0,1,0,0,0,0,1,0,0,0,1,0,0,1,1,1,1,0,1,1,0,1,0,1,0,0,1,0,0,0,1,Järrel Henrik S,0,1,1
1,1,1,1,1,1,0,1,1,1,1,1,1,0,1,1,1,1,1,1,1,0,1,1,1,0,1,1,1,1,0,Lindgren Sylvia,1,3,1
0,1,0,0,0,0,1,0,0,0,1,0,0,1,1,1,1,0,0,0,0,0,0,0,0,0,0,0,0,0,1,Ask Beatrice,1,1,1
1,1,1,0,1,1,0,0,1,1,1,1,1,0,1,1,0,1,0,0,0,0,1,1,0,0,0,0,0,0,0,Hoffmann Ulla,1,4,1
0,1,1,1,1,1,0,1,1,1,1,1,1,0,1,1,1,1,1,1,1,0,1,1,1,0,1,1,1,1,0,Nordlander Inger,1,3,1
1,1,1,1,1,1,0,1,1,1,1,1,1,0,1,1,0,1,1,1,0,0,1,1,1,1,1,1,1,1,0,Ruwaida Yvonne,1,5,1
0,1,1,0,0,0,1,0,0,0,0,0,0,0,1,0,1,0,0,1,0,1,0,0,1,0,1,1,0,0,0,Könberg Bo,0,2,1
0,0,0,1,0,0,1,0,0,0,1,0,1,0,0,1,1,1,1,1,0,1,0,0,0,1,0,1,0,0,0,Attefall Stefan,0,6,1
1,1,1,1,1,1,0,1,1,1,1,1,1,0,1,1,1,1,1,1,1,0,1,1,1,0,1,1,1,1,0,Agenberg Tomas,0,3,1
1,1,1,1,1,1,1,1,1,1,1,1,1,0,1,1,1,1,1,1,1,0,1,1,1,0,1,1,1,1,0,Papadopoulos Nikos,0,3,1
0,1,0,0,0,0,1,0,0,0,1,0,0,1,1,1,1,0,1,1,0,1,0,1,0,0,1,0,0,0,1,Lilliehöök Anna,1,1,1
1,1,1,0,1,1,0,0,1,1,1,1,1,0,1,1,0,1,1,0,0,0,1,1,1,0,1,1,1,1,0,Ohly Lars,0,4,1
0,0,0,0,0,0,1,0,0,0,1,0,1,0,0,1,1,1,1,1,0,1,0,0,0,1,0,1,0,0,0,Höij Helena,1,6,1
1,1,1,0,1,1,0,0,1,1,1,1,1,0,1,1,0,1,1,0,0,0,1,1,1,0,1,1,1,1,0,Larsson Kalle,0,4,1
0,1,1,0,0,0,1,0,0,0,0,0,0,0,1,0,1,0,0,1,0,1,0,0,1,0,1,1,0,0,0,Narti Ana Maria,1,2,1
1,1,1,1,1,1,0,1,1,1,1,1,1,0,1,1,1,1,1,1,1,0,1,1,1,0,1,1,1,1,0,Nordquist Kaj,0,3,1
0,0,0,0,0,0,0,0,0,0,0,0,0,0,0,0,0,0,0,1,0,1,0,0,1,0,1,1,0,0,0,Rojas Mauricio,0,2,1
1,1,1,1,1,1,0,1,1,1,1,1,1,0,1,1,1,1,1,1,1,0,1,1,1,0,1,1,1,1,0,Hassan Maria,1,3,1
0,1,0,0,0,0,1,0,0,0,1,0,0,1,1,1,1,0,1,1,0,1,0,1,0,0,1,0,0,0,1,Adelsohn Liljeroth Lena,1,1,1
1,1,1,1,1,1,0,1,1,1,1,1,1,0,1,1,1,1,1,1,1,0,1,1,1,0,1,1,1,1,1,Vestlund Börje,0,3,1
0,0,0,0,0,0,0,0,0,0,0,0,0,0,0,0,0,0,1,1,0,1,0,1,0,0,1,0,0,0,1,Carlsson i Tyresö Gunilla,1,1,1
1,1,1,1,1,1,0,1,1,1,1,1,1,0,1,1,1,1,1,1,1,0,1,1,1,0,1,1,1,1,0,Frans Joe,0,3,1
0,1,1,1,0,0,1,0,0,0,0,0,0,0,1,0,1,0,0,1,0,1,0,0,0,0,0,0,0,0,0,Sabuni Nyamko,1,2,1
1,1,1,1,1,1,0,1,1,1,1,1,1,0,1,1,1,1,1,1,1,0,1,1,1,0,1,1,1,1,0,Palm Veronica,1,3,1
0,1,1,0,0,0,1,0,0,0,0,0,0,0,1,0,1,0,0,1,0,1,0,0,0,0,0,0,0,0,0,Ohlsson Birgitta,1,2,1
1,1,1,1,1,1,0,0,1,1,1,1,1,0,1,1,0,1,1,1,1,0,1,1,1,0,1,1,0,1,0,Fridolin Gustav,0,5,1
0,0,0,1,1,1,0,1,1,1,0,0,0,0,0,0,0,0,0,0,0,0,0,0,0,0,0,0,0,0,0,Johansson Anita,1,3,2
0,1,1,0,0,0,1,0,0,0,0,0,0,0,1,0,1,0,0,1,0,1,0,0,0,0,0,0,0,0,0,Leijonborg Lars,0,2,2
0,0,0,0,0,0,0,0,0,0,0,0,0,0,0,0,0,0,1,1,1,0,1,1,1,0,1,1,1,1,0,Johansson Jan Emanuel,0,3,2
1,1,1,0,1,1,0,0,1,1,1,1,1,0,1,1,0,1,1,0,0,0,1,1,1,0,1,1,1,1,0,Schyman Gudrun,1,0,2
1,1,1,1,1,1,0,1,1,1,1,1,1,0,1,1,1,1,1,1,1,0,1,1,1,0,1,1,1,1,0,Lejon Britta,1,3,2
0,0,0,0,0,0,0,0,0,0,0,0,0,0,0,0,0,0,1,1,0,1,0,0,0,1,0,1,0,0,0,Odell Mats,0,6,2
0,1,0,0,0,0,1,0,0,0,1,0,0,1,1,1,1,0,1,1,0,1,0,1,0,0,1,0,0,0,1,Lennmarker Göran,0,1,2
0,0,0,0,0,0,0,0,0,0,0,0,0,0,0,0,0,0,1,1,0,1,0,0,0,1,0,1,0,0,0,Davidson Inger,1,6,2
0,1,0,0,0,0,1,0,0,0,1,0,0,1,1,1,1,0,1,1,0,1,0,1,0,0,1,0,0,0,1,Hamilton Björn,0,1,2
0,0,0,0,0,0,0,0,0,0,0,0,0,0,0,0,0,0,0,0,0,0,0,0,0,0,0,0,0,0,0,Reinfeldt Fredrik,0,1,2
0,0,0,0,0,0,0,0,0,0,0,0,0,0,0,0,0,0,0,1,0,1,0,0,1,0,1,1,0,0,0,Pilsäter Karin,1,2,2
1,1,1,1,1,1,0,1,1,1,1,1,1,0,1,1,1,1,1,1,1,0,1,1,1,0,1,1,1,1,0,Rask Ola,0,3,2
1,1,1,1,1,1,0,1,1,1,1,1,1,0,1,1,1,1,1,1,1,0,1,1,1,0,1,1,1,1,0,Lindberg Niclas,0,3,2
1,1,1,1,1,1,0,1,1,1,1,1,1,0,1,1,1,1,1,1,1,0,1,1,1,0,1,1,1,1,0,Arvidsson Eva,1,3,2
1,1,1,1,1,1,0,1,1,1,1,1,1,0,1,1,1,1,1,1,1,0,1,1,1,0,1,1,1,1,0,Osman Sherifay Mariam,1,3,2
1,1,1,0,0,0,0,0,0,0,1,1,1,0,1,1,1,1,0,0,0,0,0,0,0,0,0,0,0,0,0,Moberg Carina,1,3,2
1,1,1,1,1,1,0,1,1,1,1,1,1,0,1,1,1,1,1,1,1,0,1,1,1,0,1,1,1,1,0,Axelsson Christina,1,3,2
0,1,0,0,0,0,1,0,0,0,1,0,0,1,1,1,1,0,1,1,0,1,0,0,0,0,1,0,0,0,1,de Pourbaix-Lundin Marietta,1,1,2
0,0,0,0,0,0,1,0,0,0,1,0,1,0,0,1,1,1,1,1,0,1,0,0,0,1,0,1,0,0,0,Svensson Ingvar,0,6,2
0,1,0,0,0,0,1,0,0,0,1,0,0,1,1,1,1,0,1,1,0,1,0,1,0,0,1,0,0,0,1,Elmsäter-Svärd Catharina,1,1,2
1,1,1,1,1,1,0,1,1,1,1,1,1,0,1,1,1,1,1,1,1,0,1,1,1,0,1,1,1,1,0,Beiming Cinnika,1,3,2
1,1,1,1,1,1,0,1,1,1,1,1,1,0,1,1,1,1,0,0,0,0,0,0,1,0,1,1,1,1,0,Waidelich Tommy,0,3,2
0,1,0,0,0,0,1,0,0,0,1,0,0,1,1,1,1,0,0,0,0,0,0,0,0,0,1,0,0,0,1,Westman Henrik,0,1,2
0,1,1,0,0,0,1,0,0,0,0,0,0,0,1,0,1,0,0,0,0,0,0,0,1,0,1,1,0,0,0,Bargholtz Helena,1,2,2
1,1,1,1,1,1,0,1,1,1,1,1,1,0,1,1,0,1,1,1,1,0,1,1,1,0,1,1,1,1,0,Ångström Lars,0,5,2
0,0,0,0,0,0,0,0,0,0,0,0,0,0,0,0,0,0,1,0,1,0,1,1,1,0,1,1,1,1,0,Einarsson Mats,0,4,2
1,1,1,1,1,1,0,1,1,1,1,1,1,0,1,1,1,1,1,1,1,0,1,1,1,0,1,1,1,1,0,Kerimo Yilmaz,0,3,2
0,1,0,0,0,0,1,0,0,0,1,0,0,1,1,1,1,0,1,1,0,1,0,1,0,0,1,0,0,0,1,Enström Karin,1,1,2
0,1,1,0,0,0,1,0,0,0,0,0,0,0,1,0,1,0,0,1,0,1,0,0,1,0,1,1,0,0,0,Hamilton Carl B,0,2,2
0,1,1,0,0,0,1,0,0,0,0,0,0,0,1,0,1,0,0,1,0,1,0,0,1,0,1,1,0,0,0,Andrén Gunnar,0,2,2
1,1,1,0,1,1,0,0,1,1,1,1,1,0,1,1,0,1,1,0,0,0,1,1,1,0,1,1,1,1,0,Özürküt Sermin,1,4,2
0,0,1,0,0,0,1,0,0,0,0,0,0,0,1,1,1,1,1,1,0,1,0,0,0,0,1,1,0,1,0,Lundgren Kerstin,1,7,2
0,1,1,0,0,0,1,0,0,0,0,0,0,0,1,0,1,0,0,1,0,1,0,0,1,0,1,1,0,0,0,Lundström Nina,1,2,2
0,0,0,0,0,0,0,0,0,0,0,0,0,0,0,0,0,0,0,0,0,0,0,0,0,0,0,0,0,0,0,Björling Ewa,1,1,2
0,0,0,0,0,0,0,0,0,0,0,0,0,0,0,0,0,0,1,1,0,1,0,1,0,0,1,0,0,0,1,Engström Hillevi,1,1,2
1,1,1,1,1,1,0,1,1,1,1,1,1,0,1,1,0,1,1,1,1,0,1,1,1,0,1,1,1,1,0,Valtersson Mikaela,1,5,2
0,1,1,0,0,0,1,0,0,0,0,0,0,0,1,0,1,0,0,1,0,1,0,0,1,0,1,1,0,0,0,Andreasson Martin,0,2,2
0,1,1,0,0,0,0,0,0,0,0,0,0,0,1,0,1,0,0,1,0,1,0,0,1,0,1,1,0,0,0,Franzén Mia,1,2,2
1,1,1,1,1,1,0,1,1,1,1,1,1,0,1,1,1,1,1,1,1,0,1,1,1,0,1,1,1,1,0,Damberg Mikael,0,3,2
0,1,0,0,0,0,1,0,0,0,1,0,0,1,1,1,1,0,1,1,0,1,0,1,0,0,0,0,0,0,1,Hedquist Lennart,0,1,3
1,1,1,0,1,1,0,0,1,1,1,1,1,0,1,1,0,1,0,0,0,0,0,0,0,0,0,0,0,0,0,Burman Ingrid,1,4,3
0,0,1,1,0,0,1,0,0,0,0,0,0,0,1,1,1,1,1,1,0,1,0,0,0,0,1,1,0,1,0,Stenmark Rigmor,1,7,3
1,1,1,1,1,1,0,1,1,1,1,1,1,0,1,1,1,1,1,1,1,0,1,1,1,0,1,1,1,1,0,Tingsgård Tone,1,3,3
0,1,0,0,0,0,1,0,0,0,1,0,0,1,1,1,1,0,1,1,0,1,0,1,0,0,1,0,0,0,1,Bill Per,0,1,3
1,1,1,1,1,1,0,1,1,1,1,1,1,0,1,1,1,1,1,1,1,0,1,1,1,0,1,1,1,1,0,Tesfazion Rezene,0,3,3
1,1,1,1,1,1,0,1,1,1,1,1,1,0,1,1,1,1,1,1,1,0,1,1,1,0,1,1,1,1,0,Berglind Mats,0,3,3
0,0,0,0,0,0,1,0,0,0,1,0,1,0,0,1,1,1,0,0,0,0,0,0,0,1,0,0,0,0,0,Oscarsson Mikael,0,6,3
0,0,0,0,0,0,0,0,0,0,0,0,0,0,0,0,0,0,1,1,1,0,1,1,1,0,1,1,1,1,0,Domeij Åsa,1,5,3
1,1,1,1,1,1,0,1,1,1,1,1,1,0,1,1,1,1,1,1,1,0,1,1,1,0,1,1,1,1,0,Gille Agneta,1,3,3
0,1,1,1,0,0,1,0,0,0,0,0,0,0,1,0,1,0,0,0,0,0,0,0,0,0,0,0,0,0,0,Wikström Cecilia,1,2,3
0,1,1,1,0,0,1,0,0,0,0,0,0,0,1,0,1,0,0,1,0,1,0,0,1,0,1,1,0,0,0,Ullenhag Erik,0,2,3
0,1,0,0,0,0,1,0,0,0,1,0,0,1,1,1,1,0,1,1,0,1,0,1,0,0,1,0,0,0,1,Westerberg Per,0,1,4
1,1,1,1,1,1,0,1,1,1,1,1,1,0,1,1,1,1,1,1,1,0,1,1,0,0,0,0,0,0,0,Furustrand Reynoldh,0,3,4
1,1,1,1,1,1,0,1,1,1,1,1,1,0,1,1,1,1,1,1,1,0,1,1,1,0,1,1,1,1,0,Hagberg Michael,0,3,4
1,1,1,1,1,1,0,1,1,1,1,1,1,0,1,1,1,1,1,1,1,0,1,1,1,0,1,1,1,1,0,Bjurling Laila,1,3,4
1,1,1,1,1,1,0,1,1,1,1,1,1,1,1,1,1,1,1,1,1,0,1,1,1,0,1,1,1,1,0,Markström Elisebeht,1,3,4
0,0,0,0,0,0,1,0,0,0,1,0,1,0,0,1,1,1,1,1,0,1,0,0,0,1,0,1,0,0,0,von der Esch Björn,0,6,4
1,1,1,1,1,1,0,1,1,1,1,1,1,0,1,1,1,1,1,1,1,0,1,1,1,0,1,1,1,1,0,Olovsson Fredrik,0,3,4
1,1,1,1,1,1,0,1,1,1,1,1,1,0,1,1,0,1,1,1,1,0,1,1,1,0,1,1,1,1,0,Ericson Gunvor G,1,5,4
1,1,1,0,1,1,0,0,1,1,1,1,1,0,1,1,0,1,0,0,0,0,1,1,1,0,1,1,1,1,1,Linna Elina,1,4,4
0,1,0,0,0,0,1,0,0,0,0,0,0,0,1,0,1,0,0,1,0,1,0,0,1,0,1,1,0,0,0,Hagberg Liselott,1,2,4
0,0,1,1,0,0,1,0,0,0,0,0,0,0,1,1,1,1,1,1,0,1,0,0,0,0,1,1,0,1,0,Tiefensee Roger,0,7,4
0,1,0,0,0,0,1,0,0,0,1,0,0,1,1,1,1,0,1,1,0,1,0,0,0,0,1,0,0,0,1,Hagfeldt Stefan,0,1,5
1,1,1,1,1,1,0,1,1,1,1,1,1,0,1,1,1,1,1,1,1,0,1,1,1,0,1,1,1,1,0,Karlsson Sonia,1,3,5
1,1,1,0,1,1,0,0,1,1,1,1,1,0,1,1,0,1,1,0,0,0,1,0,1,0,1,1,1,1,0,Danestig Britt-Marie,1,4,5
1,1,1,1,1,1,0,1,1,1,1,1,1,0,1,1,1,1,1,1,1,0,1,1,1,0,1,1,1,1,0,Öhman Conny,0,3,5
1,1,1,1,1,1,0,1,1,1,1,1,1,0,1,1,1,1,1,1,1,0,1,1,1,0,1,1,1,1,0,Sköldestig Berndt,0,3,5
1,1,1,1,1,1,0,1,1,1,1,1,1,0,1,1,0,1,1,1,1,0,1,1,1,0,1,1,1,1,0,Hillar Rosenqvist Helena,1,5,5
0,0,0,0,0,0,0,0,0,0,0,0,0,0,0,0,0,0,1,1,0,1,0,0,0,1,0,1,0,0,0,Andersson Yvonne,1,6,5
0,0,1,1,0,0,1,0,0,0,0,0,0,0,1,1,1,1,1,1,0,1,0,0,0,0,1,1,0,1,0,Danielsson Staffan,0,7,5
0,1,0,0,0,0,1,0,0,0,1,0,0,1,1,0,1,0,1,1,0,1,0,0,0,0,1,0,0,0,1,Axén Gunnar,0,1,5
1,1,1,1,1,1,0,1,1,1,1,1,1,0,1,1,1,1,1,1,1,0,1,1,1,0,1,1,1,1,0,Ludvigsson Anne,1,3,5
0,0,0,0,0,0,1,0,0,0,1,0,1,0,0,1,1,1,1,1,0,1,0,0,0,1,0,1,0,0,0,Brus Sven,0,6,5
0,1,0,0,0,0,1,0,0,0,1,0,0,1,1,1,1,0,1,1,0,1,0,1,0,0,1,0,0,0,1,Lindgren Anna,1,1,5
0,1,1,0,0,0,1,0,0,0,0,0,0,0,1,0,1,0,0,1,0,1,0,0,1,0,1,1,0,0,0,Darell Linnéa,1,2,5
1,1,1,1,1,1,0,1,1,1,1,1,1,0,1,1,1,1,1,1,1,0,1,1,1,0,1,1,1,1,0,Gustafsson Billy,0,3,5
1,1,1,1,1,1,0,1,1,1,1,1,1,0,1,1,1,1,1,1,1,0,1,1,1,0,1,1,1,1,0,Malmström Louise,1,3,5
1,1,1,0,0,0,0,0,0,0,1,1,1,0,1,1,1,1,1,1,1,0,1,1,1,0,1,1,1,1,0,Löfstrand Johan,0,3,5
0,1,1,0,0,0,1,0,0,0,0,0,0,0,1,0,1,0,0,1,0,1,0,0,1,1,1,1,0,0,0,Granbom Karin,1,2,5
0,1,0,0,0,0,1,0,0,0,1,0,0,1,1,1,1,0,1,1,0,1,0,0,0,0,1,0,0,0,1,Andersson Magdalena,1,1,6
0,0,0,0,0,0,1,0,0,0,1,0,1,0,0,1,1,1,0,0,0,0,0,0,0,1,0,1,0,0,0,Svensson Alf,0,6,6
0,0,0,0,0,0,0,0,0,0,0,0,0,0,0,0,0,0,1,1,0,1,0,0,0,0,0,0,0,0,0,Hägglund Göran,0,6,6
1,1,1,1,1,1,0,1,1,1,1,1,1,0,1,1,1,1,1,1,1,0,1,1,1,0,1,1,1,1,0,Nilsson Martin,0,3,6
1,1,1,1,1,1,0,1,1,1,1,1,1,0,1,1,1,1,1,1,1,0,1,1,1,0,1,1,1,1,0,Sandgren Margareta,1,3,6
0,0,0,0,0,0,0,0,0,0,0,0,0,0,0,0,0,0,1,0,0,0,0,0,1,0,1,1,1,1,0,Åström Alice,1,4,6
1,1,1,1,1,1,0,1,1,1,1,1,1,0,1,1,1,1,1,1,1,0,1,1,1,0,1,1,1,1,0,Hägg Carina,1,3,6
0,0,1,1,0,0,1,0,0,0,0,0,0,0,1,1,1,1,1,1,0,1,0,0,0,0,1,1,0,1,0,Andersson Margareta,1,7,6
1,1,1,1,1,1,0,1,1,1,1,1,1,0,1,1,1,1,0,0,0,0,0,0,1,0,1,1,1,1,0,Wahlström Göte,0,3,6
0,0,0,0,0,0,0,0,0,0,0,0,0,0,0,0,0,0,1,1,0,1,0,0,0,1,0,1,0,0,0,Larsson Maria,1,6,6
1,1,1,1,1,1,0,1,1,1,1,1,1,0,1,1,1,1,1,1,1,0,1,1,1,0,1,1,1,1,0,Petersson Helene,1,3,6
0,1,0,0,0,0,1,0,0,0,1,0,0,1,1,1,1,0,1,1,0,1,0,0,0,0,1,0,0,0,1,Johansson Bengt-Anders,0,1,6
0,1,1,0,0,0,1,0,0,0,0,0,0,0,1,0,1,0,0,1,0,1,0,0,1,0,1,1,0,0,0,Krantz Tobias,0,2,6
0,1,0,0,0,0,1,0,0,0,1,0,0,1,1,1,1,0,1,1,0,1,0,1,0,0,1,0,0,0,1,Högmark Anders G,0,1,7
0,0,1,0,0,0,1,0,0,0,0,0,0,0,1,1,1,1,1,1,0,1,0,0,0,0,1,1,0,1,0,Erlandsson Eskil,0,7,7
0,0,0,1,1,1,0,1,1,1,0,0,0,0,0,0,0,0,0,0,0,0,0,0,1,0,1,1,1,1,0,Eneroth Tomas,0,3,7
1,1,1,1,1,1,0,1,1,1,1,1,1,0,1,1,1,1,1,1,1,0,1,1,1,0,1,1,1,1,0,Wegendal Lars,0,3,7
0,0,0,0,0,0,0,0,0,0,0,0,0,0,0,0,0,0,1,1,1,0,1,1,1,0,1,1,1,1,0,Adolfsson Elgestam Carina,1,3,7
0,0,0,0,0,0,1,0,0,0,1,0,1,0,0,1,1,1,1,1,0,1,0,0,0,1,0,1,0,0,0,Sandahl Olle,0,6,7
0,1,1,0,0,0,1,0,0,0,0,0,0,0,1,0,1,0,0,1,0,1,0,0,1,0,1,1,0,0,0,Nordmark Gunnar,0,2,7
0,0,1,0,0,0,1,0,0,0,0,0,0,0,1,1,1,1,1,1,0,1,0,0,0,0,1,1,0,1,0,Hansson Agne,0,7,8
0,0,0,1,0,0,1,0,0,0,1,0,1,0,0,1,1,1,1,1,0,1,0,0,0,1,0,1,0,0,0,Pålsson Chatrine,1,6,8
1,1,1,0,0,0,0,0,0,0,1,1,1,0,1,1,1,1,1,1,1,0,1,1,1,0,1,1,1,1,0,Örnfjäder Krister,0,3,8
0,1,0,0,0,0,1,0,0,0,1,0,0,1,1,1,1,0,1,1,0,1,0,1,0,0,1,0,0,0,1,Aurelius Nils Fredrik,0,1,8
1,1,1,0,1,1,0,0,1,1,1,1,1,0,1,1,0,1,1,0,1,0,1,1,0,0,0,0,0,0,0,Beijer Lennart,0,4,8
1,1,1,1,1,1,1,1,1,1,1,1,1,0,1,1,1,1,1,1,1,0,1,1,1,0,1,1,1,1,0,Ringman Agneta,1,3,8
1,1,1,0,1,1,0,1,1,1,1,1,1,0,1,1,1,1,1,1,1,0,1,1,1,0,1,1,1,1,0,Fagerström Ann-Marie,1,3,8
1,1,1,1,1,1,0,1,1,1,1,1,1,0,1,1,1,1,1,1,1,0,1,1,1,0,1,1,1,1,0,Juholt Håkan,0,3,8
0,1,1,0,0,0,1,0,0,0,0,0,0,0,1,0,1,0,0,1,0,1,0,0,1,0,1,1,0,0,0,Thorén Sverker,0,2,8
1,1,1,1,1,1,0,1,1,1,1,1,1,0,1,1,1,1,1,1,1,0,1,1,1,0,1,1,1,1,0,Virgin Lilian,1,3,9
1,1,1,1,1,1,0,1,1,1,1,1,1,0,1,1,1,1,1,1,1,0,1,1,1,0,1,1,1,1,0,Grönhagen Carina,1,3,9
1,1,1,1,1,1,0,1,1,1,1,1,1,0,1,1,1,1,1,1,1,0,1,1,1,0,1,1,1,1,0,Skoog Christer,0,3,10
1,1,1,1,1,1,0,1,1,1,1,1,1,0,1,1,1,1,1,1,1,0,1,1,1,0,1,1,1,1,0,Björkman Jan,0,3,10
0,0,0,0,0,0,0,0,0,0,0,0,0,0,0,0,0,0,1,1,0,1,0,1,0,0,1,0,0,0,1,Johnsson Jeppe,0,1,10
0,0,0,0,0,0,1,0,0,0,1,0,1,0,0,1,1,1,1,1,0,1,0,0,0,1,0,1,0,0,0,Gylling Johnny,0,6,10
0,1,1,0,0,0,1,0,0,0,0,0,0,0,1,0,1,0,0,1,0,1,0,0,1,0,1,1,0,0,0,Berg Heli,1,2,10
1,1,1,1,1,1,0,1,1,1,1,1,1,0,1,1,1,1,1,1,1,0,1,1,1,0,1,1,1,1,0,Andersson Kerstin,1,3,10
1,1,1,1,1,1,0,1,1,1,1,1,1,0,1,1,1,1,1,1,1,0,1,1,1,0,1,1,1,1,0,Larsson Hillevi,1,3,11
1,1,1,0,0,0,0,0,0,0,1,1,1,0,1,1,1,1,1,1,1,0,1,1,1,0,1,1,1,1,0,Astudillo Luciano,0,3,11
1,1,1,1,1,1,0,1,1,1,1,1,1,0,1,1,1,1,1,1,1,0,1,1,1,0,1,1,1,1,0,Granlund Marie,1,3,11
1,1,1,1,1,1,0,1,1,1,1,1,1,0,1,1,1,1,1,1,1,0,1,1,1,0,1,1,1,1,0,Lindkvist Britt-Marie,1,3,11
1,1,1,0,1,1,0,0,1,1,1,1,1,0,1,1,0,1,1,0,0,0,1,1,1,0,1,1,1,1,0,Lundström Sten,0,4,11
1,1,1,1,1,1,0,1,1,1,1,1,1,0,1,1,1,1,1,1,1,0,1,1,1,0,1,1,1,1,0,Jakobsson Leif,0,3,11
0,1,0,0,0,0,1,0,0,0,1,0,0,1,1,1,1,0,1,1,0,1,0,1,0,0,0,0,0,0,1,Roslund Carl-Axel,0,1,11
0,1,1,0,0,0,1,0,0,0,0,0,0,0,1,0,1,0,0,1,0,1,0,0,1,0,1,1,0,0,0,Widman Allan,0,2,11
0,1,0,0,0,0,1,0,0,0,1,0,0,1,1,1,1,0,1,1,0,1,0,0,0,0,1,0,0,0,1,Billström Tobias,0,1,11
0,0,0,0,0,0,0,0,0,0,0,0,0,0,0,0,0,0,1,1,1,0,1,1,1,0,1,1,1,1,0,Nilsson Annika,1,3,12
0,0,0,0,0,0,1,0,0,0,1,0,1,0,0,1,1,1,1,1,0,1,0,0,0,1,0,1,0,0,0,Lantz Kenneth,0,6,12
0,1,0,0,0,0,1,0,0,0,1,0,0,1,1,1,1,0,1,1,0,1,0,1,0,0,1,0,0,0,1,Husmark Pehrsson Cristina,1,1,12
1,1,1,1,1,1,0,1,1,1,1,1,1,0,1,1,1,1,1,1,1,0,1,1,1,0,1,1,1,1,0,Karlsson Anders,0,3,12
1,1,1,1,1,1,0,1,1,1,1,1,1,0,1,1,1,1,1,1,1,0,1,1,1,0,1,1,1,1,0,Härstedt Kent,0,3,12
1,1,1,0,1,1,0,0,1,1,1,1,1,0,1,1,0,1,1,0,0,0,1,0,1,0,1,1,1,1,0,Stafilidis Tasso,0,4,12
1,1,1,1,1,1,0,1,1,1,1,1,1,0,1,1,1,1,1,1,1,0,1,1,1,0,1,1,1,1,0,Hagberg Christin,1,3,12
0,0,0,0,0,0,0,0,0,0,0,0,0,0,0,0,0,0,0,1,0,1,0,0,1,0,1,1,0,0,0,Acketoft Tina,1,2,12
0,1,1,0,0,0,1,0,0,0,0,0,0,0,1,0,1,0,0,1,0,1,0,0,1,1,1,1,0,0,0,Strandberg Torkild,0,2,12
0,1,0,0,0,0,1,0,0,0,1,0,0,1,1,1,1,0,1,1,0,1,0,0,0,0,1,0,0,0,1,Danielsson Peter,0,1,12
1,1,1,1,1,1,0,1,1,1,1,1,1,0,1,1,1,1,0,0,0,0,0,0,1,0,1,1,1,1,0,Jönsson Anita,1,3,13
1,1,1,1,1,1,0,1,1,1,1,1,1,0,1,1,1,1,0,0,0,0,0,0,1,0,1,1,1,1,0,Olander Ronny,0,3,13
0,0,0,0,0,0,0,0,0,0,0,0,0,0,0,0,0,0,0,0,0,0,0,0,0,0,0,0,0,0,0,Persson Catherine,1,3,13
1,1,1,1,1,1,0,1,1,1,1,1,1,0,1,1,1,1,1,1,1,0,1,1,1,0,1,1,1,1,0,Bernhardsson Bo,0,3,13
0,1,1,0,0,0,1,0,0,0,0,0,0,0,1,0,1,0,0,1,0,1,0,0,1,0,1,1,0,0,0,Nilsson Ulf,0,2,13
0,0,0,0,0,0,0,0,0,0,0,0,0,0,0,0,0,0,0,0,0,0,0,0,1,0,1,1,1,0,0,Svensson Smith Karin,1,4,13
1,1,1,1,1,1,0,1,1,1,1,1,1,0,1,1,1,1,1,1,1,0,1,1,1,0,1,1,1,1,0,Jarl Beck Inger,1,3,13
0,1,0,0,0,0,1,0,0,0,1,0,0,1,1,1,1,0,1,1,0,1,0,1,0,0,1,0,0,0,1,Lindblad Lars,0,1,13
0,1,0,0,0,0,1,0,0,0,1,0,0,1,1,1,1,0,1,1,0,1,0,1,0,0,1,0,0,0,1,Thalén Finné Ewa,1,1,13
0,0,0,0,0,0,1,0,0,0,1,0,1,0,0,1,1,1,1,1,0,1,0,0,0,1,0,1,0,0,0,Althin Peter,0,6,13
0,1,0,0,0,0,1,0,0,0,1,0,0,1,1,1,1,0,1,1,0,1,0,1,0,0,1,0,0,0,1,Pålsson Anne-Marie,1,1,13
0,1,1,0,0,0,1,0,0,0,0,0,0,0,1,0,1,0,0,1,0,1,0,0,1,0,1,1,0,0,0,Wahlgren Marie,1,2,13
1,1,1,1,1,1,0,0,1,1,1,1,1,0,1,1,0,1,0,0,1,0,1,1,1,0,1,1,1,1,0,Holm Ulf,0,5,13
0,0,0,1,0,0,1,0,0,0,0,0,0,0,1,1,1,1,1,1,0,1,0,0,0,0,1,1,0,1,0,Linander Johan,0,7,13
0,1,0,0,0,0,1,0,0,0,1,0,0,1,1,1,1,0,1,1,0,1,0,1,0,0,1,0,0,0,1,Ekendahl Maud,1,1,14
0,0,0,0,0,0,1,0,0,0,1,0,1,0,0,1,1,1,0,0,0,0,0,0,0,0,0,0,0,0,0,Skånberg Tuve,0,6,14
1,1,1,1,1,1,0,1,1,1,1,1,1,0,1,1,1,1,1,1,1,0,1,1,1,0,1,1,1,1,0,Wester Ulla,1,3,14
1,1,1,0,1,1,0,0,1,1,1,1,1,0,1,1,0,1,0,0,0,0,1,1,1,0,1,1,1,1,0,Sjöstrand Sven-Erik,0,4,14
1,1,1,1,1,1,0,1,1,1,1,1,1,0,1,1,1,1,1,1,1,0,1,1,1,0,1,1,1,1,0,Bengtsson Anders,0,3,14
0,1,1,0,0,0,1,0,0,0,0,0,0,0,1,0,1,0,0,1,0,1,0,0,1,0,1,1,0,0,0,Nylander Christer,0,2,14
1,1,1,1,1,1,0,1,1,1,1,1,1,0,1,1,1,1,1,1,1,0,1,1,1,0,1,1,1,1,0,Engle Kerstin,1,3,14
0,0,1,1,0,0,1,0,0,0,0,0,0,0,1,1,1,1,1,1,0,1,0,0,0,0,1,1,0,1,0,Ericson Lars-Ivar,0,7,14
0,1,0,0,0,0,1,0,0,0,1,0,0,1,1,1,1,0,1,1,0,1,0,1,0,0,1,0,0,0,1,Pålsson Margareta,1,1,14
1,1,1,1,1,1,0,1,1,1,1,1,1,0,1,1,1,1,1,1,1,0,1,1,0,0,0,0,0,0,0,Persson i Simrishamn Göran,0,3,14
1,1,1,1,1,1,0,1,1,1,1,1,1,0,1,1,1,1,1,1,1,0,1,1,1,0,1,1,1,1,0,Adelsbo Christer,0,3,14
1,1,1,1,1,1,0,1,1,1,1,1,1,0,1,1,1,1,1,1,1,0,1,1,1,0,1,1,1,1,0,Eriksson Alf,0,3,15
1,1,1,1,1,1,0,1,1,1,1,1,1,0,1,1,1,1,1,1,1,0,1,1,1,0,1,1,1,1,0,Westerlund Panke Majléne,1,3,15
1,1,1,1,1,1,0,1,1,1,1,1,1,0,1,1,1,1,1,1,1,0,1,1,1,0,1,1,1,1,0,Sahlberg Pär Axel,0,3,15
1,1,1,1,1,1,0,1,1,1,1,1,1,0,1,1,1,1,1,1,1,0,1,1,1,0,1,1,1,1,0,Hoff Hans,0,3,15
0,1,1,0,0,0,1,0,0,0,0,0,0,0,1,0,1,0,0,1,0,1,0,0,1,0,1,1,0,0,0,Kollmats Lennart,0,2,15
1,1,1,0,1,1,0,0,1,1,1,1,1,0,1,1,0,1,1,0,0,0,1,1,1,0,1,1,1,1,0,Karlsson Kjell-Erik,0,4,15
0,0,0,0,0,0,1,0,0,0,0,0,1,0,0,1,1,1,1,1,0,1,0,0,0,1,0,1,0,0,0,Gustafsson Lars,0,6,15
0,0,0,0,0,0,0,0,0,0,0,0,0,0,0,0,0,0,0,1,0,1,0,0,1,0,1,1,0,0,0,Ertsborn Jan,0,2,15
0,1,0,0,0,0,1,0,0,0,1,0,0,1,1,1,1,0,1,1,0,1,0,1,0,0,1,0,0,0,1,Brodén Anne Marie,1,1,15
0,0,1,0,0,0,1,0,0,0,0,0,0,0,1,1,1,1,1,1,0,1,0,0,0,0,1,1,0,1,0,Andersson Jan,0,7,15
0,1,0,0,0,0,1,1,0,0,1,0,0,1,1,1,1,0,1,1,0,1,0,0,0,0,1,0,0,0,1,von Sydow Henrik,0,1,15
1,1,1,1,1,1,0,1,1,1,1,1,1,0,1,1,1,1,1,1,1,0,1,1,1,0,1,1,1,1,0,Carlström Marianne,1,3,16
0,0,0,0,0,0,0,0,0,0,0,0,0,0,0,0,0,0,0,1,0,1,0,0,1,0,1,1,0,0,0,Bager Erling,0,2,16
1,1,1,0,1,1,0,0,1,1,1,1,1,0,1,1,0,1,1,0,0,0,1,1,1,0,1,1,1,1,0,Olsson Rolf,0,4,16
1,1,1,1,1,1,0,1,1,1,1,1,1,0,1,1,1,1,1,1,1,0,1,1,1,0,1,1,1,1,0,Brandin Claes-Göran,0,3,16
0,1,1,0,0,0,1,0,0,0,0,0,0,0,1,0,1,0,0,1,0,1,0,0,1,0,0,1,0,0,0,Flyborg Eva,1,2,16
1,1,1,1,1,1,0,1,1,1,1,1,1,0,1,1,1,1,1,1,1,0,1,1,1,0,1,1,1,1,0,Wittgren-Ahl Siw,1,3,16
0,1,0,0,0,0,1,0,0,0,1,0,0,1,1,1,1,0,1,1,0,1,0,1,0,0,1,0,0,0,1,Lindblad Göran,0,1,16
0,1,0,0,0,0,1,0,0,0,1,0,0,1,1,1,1,0,1,1,0,1,0,1,0,0,1,0,0,0,1,Sidén Anita,1,1,16
1,1,1,0,1,1,0,0,1,1,1,1,1,0,1,1,0,1,0,0,0,0,1,0,1,0,1,1,1,1,0,Jóhannesson Berit,1,4,16
0,0,0,1,0,0,1,1,0,0,1,0,1,0,0,1,1,1,1,1,0,1,0,0,0,1,0,1,0,0,0,Landgren Per,0,6,16
0,1,0,0,0,0,1,0,0,0,1,0,0,1,1,1,1,0,1,1,0,1,0,1,0,0,1,0,0,0,1,Magnusson Cecilia,1,1,16
0,0,0,1,1,1,0,1,1,1,0,0,0,0,0,0,0,0,1,1,1,0,1,1,1,0,1,1,1,1,0,Roxbergh Claes,0,5,16
0,0,0,0,0,0,1,0,0,0,1,0,1,0,0,1,1,1,1,1,0,1,0,0,0,1,0,1,0,0,0,Enochson Annelie,1,6,16
1,1,1,1,1,1,0,1,1,1,1,1,1,0,1,1,1,1,1,1,1,0,1,1,1,0,1,1,1,1,0,Lindén Rolf,0,3,16
1,1,1,1,1,1,0,1,1,1,1,1,1,0,1,1,1,1,1,1,1,0,1,1,1,0,1,1,1,1,0,Johansson Lars,0,3,16
1,1,1,1,1,1,0,1,1,1,1,1,1,0,1,1,1,1,1,1,1,0,1,1,1,0,1,1,1,1,0,Carlsson i Hisings Backa Gunilla,1,3,16
0,1,1,0,0,0,1,0,0,0,0,0,0,0,1,0,1,0,0,1,0,1,0,0,1,0,1,1,0,0,0,Wigström Cecilia,1,2,16
0,1,1,0,0,0,1,0,0,0,0,0,0,0,1,0,1,0,0,1,0,1,0,0,0,0,0,0,0,0,0,Darvik Axel,0,2,16
1,1,1,1,1,1,0,1,1,1,1,1,1,0,1,1,1,1,1,1,1,0,1,1,1,0,1,1,1,1,0,Nilsson Lennart,0,3,17
1,1,1,0,1,1,0,0,1,1,1,1,1,0,1,1,0,1,1,0,0,0,1,1,0,0,0,0,0,0,0,Bäckström Lars,0,4,17
0,1,0,0,0,0,1,1,0,0,1,0,0,1,1,1,1,0,1,1,0,1,0,0,0,0,1,0,0,0,1,René Inger,1,1,17
0,1,0,0,0,0,1,1,0,0,1,0,0,1,1,1,1,0,1,1,0,1,0,1,0,0,1,0,0,0,1,Olsson Kent,0,1,17
0,0,0,1,1,1,0,1,1,1,0,0,0,0,0,0,0,0,0,0,0,0,0,0,1,0,1,1,0,1,0,Berglund Nilsson Mona,1,3,17
0,0,0,1,0,0,1,0,0,0,1,0,1,0,0,1,1,1,1,1,0,1,0,0,0,1,0,1,0,0,0,Runegrund Rosita,1,6,17
0,0,0,1,0,0,1,0,0,0,0,0,0,0,1,1,1,1,1,1,0,1,0,0,0,0,1,1,0,1,0,Torstensson Åsa,1,7,17
1,1,1,1,1,1,0,1,1,1,1,1,1,0,1,1,1,1,1,1,1,0,1,1,1,0,1,1,1,1,0,Larsson Jan-Olof,0,3,17
0,1,1,0,0,0,1,0,0,0,0,0,0,0,1,0,1,0,0,1,0,1,0,0,1,1,1,1,0,0,0,Aronson Marita,1,2,17
0,0,0,0,0,0,0,0,0,0,0,0,0,0,0,0,0,0,0,0,0,0,0,0,0,0,0,0,0,0,0,Jönsson Mona,1,5,17
0,0,0,0,0,0,0,0,0,0,0,0,0,0,0,0,0,0,0,1,0,1,0,0,1,0,1,1,0,0,0,Tysklind Lars,0,2,17
1,1,1,1,1,1,0,1,1,1,1,1,1,0,1,1,1,1,1,1,1,0,1,1,1,0,1,1,1,1,0,Bråkenhielm Catharina,1,3,17
1,1,1,1,1,1,0,1,1,1,1,1,1,0,1,1,1,1,1,1,1,0,1,1,1,0,1,1,1,1,0,Forslund Kenneth G,0,3,17
1,1,1,1,1,1,0,1,1,1,1,1,1,0,1,1,1,1,1,1,1,0,1,1,1,0,1,1,1,1,0,Bohlin Olsson Britt,1,3,18
1,1,1,1,1,1,0,1,1,1,1,1,1,0,1,1,0,1,1,0,1,0,1,1,1,0,1,1,1,1,0,Feltzing Barbro,1,5,18
1,1,1,1,1,1,0,1,1,1,1,1,1,0,1,1,1,1,1,1,1,0,1,1,1,0,1,1,1,1,0,Söderqvist Nils-Erik,0,3,18
0,1,0,0,0,0,1,0,0,0,1,0,0,1,1,1,1,0,1,1,0,1,0,1,0,0,1,0,0,0,1,Nyström Elizabeth,1,1,18
0,0,0,0,0,0,0,0,0,0,0,0,0,0,0,0,0,0,0,0,0,0,0,0,0,0,0,0,0,0,0,Vänerlöv Ingemar,0,6,18
1,1,1,1,1,1,0,1,1,1,1,1,1,0,1,1,1,1,1,1,1,0,1,1,1,0,1,1,1,1,0,Nenes Christina,1,3,18
1,1,1,0,1,1,0,0,1,1,1,1,1,0,1,1,0,1,0,0,0,0,0,0,0,0,0,0,0,0,0,Dinamarca Rossana,1,4,18
0,0,0,0,0,0,0,0,0,0,0,0,0,0,0,0,0,0,0,1,0,1,0,0,1,0,1,1,0,0,0,Brodén Anita,1,2,18
1,1,1,1,1,1,0,1,1,1,1,1,1,0,1,1,1,1,1,1,1,0,1,1,1,0,1,1,1,1,0,Jonsson Peter,0,3,18
0,0,1,1,0,0,1,0,0,0,0,0,0,0,1,1,1,1,1,1,0,1,0,0,0,0,1,1,0,1,0,Qarlsson Annika,1,7,18
1,1,1,1,1,1,0,1,1,1,1,1,1,0,1,1,1,1,1,1,1,0,1,1,0,0,0,0,0,0,0,Kjörnsberg Arne,0,3,19
1,1,0,1,1,1,0,1,1,1,1,1,1,0,1,1,1,1,1,1,1,0,1,1,1,0,1,1,1,1,0,Ekholm Berndt,0,3,19
0,0,0,0,0,0,0,0,0,0,0,0,0,0,0,0,0,0,0,0,0,0,0,0,0,0,0,0,0,0,0,Fransson Sonja,1,3,19
0,1,1,0,0,0,1,0,0,0,0,0,0,0,1,0,1,0,0,1,0,1,0,0,0,0,0,0,0,0,0,Ekström Anne-Marie,1,2,19
0,0,0,0,0,0,1,0,0,0,0,0,1,0,0,1,1,1,1,1,0,1,0,0,0,1,0,1,0,0,0,Lindgren Else-Marie,1,6,19
0,1,0,0,0,0,1,1,0,0,1,0,0,1,1,1,1,0,1,1,0,1,0,1,0,0,1,0,0,0,1,Sjösten Ulf,0,1,19
0,0,0,0,0,0,0,0,0,0,0,0,0,0,0,0,0,0,0,0,0,0,0,0,0,0,1,1,0,1,0,Västerteg Claes,0,7,19
1,1,1,1,1,1,0,1,1,1,1,1,1,0,1,1,1,1,1,1,1,0,1,1,1,0,1,1,1,1,0,Nordström Kjell,0,3,20
0,0,1,1,0,0,1,0,0,0,0,0,0,0,1,1,1,1,1,1,0,1,0,0,0,0,1,1,0,1,0,Carlsson Birgitta,1,7,20
0,0,0,0,0,0,1,0,0,0,1,0,1,0,0,1,1,1,1,1,0,1,0,0,0,1,0,1,0,0,0,Gustafsson Holger,0,6,20
1,1,1,0,1,1,0,0,1,1,1,1,1,0,1,1,0,1,1,0,1,0,1,1,1,0,1,1,1,1,0,Rosengren Per,0,4,20
1,1,1,1,1,1,0,1,1,1,1,1,1,0,1,1,1,1,1,1,1,0,1,1,1,0,1,1,1,1,0,Green Monica,1,3,20
1,1,1,1,1,1,0,1,1,1,1,1,1,0,1,1,1,1,1,1,1,0,1,1,1,0,1,1,1,1,0,Ahlin Urban,0,3,20
1,1,1,1,1,1,0,1,1,1,1,1,1,0,1,1,1,1,1,1,1,0,1,1,1,0,1,1,1,1,0,Ohlsson Carina,1,3,20
0,1,1,0,0,0,1,0,0,0,0,0,0,0,1,0,1,0,0,1,0,1,0,0,1,0,1,1,0,0,0,Winbäck Christer,0,2,20
0,1,0,0,0,0,1,0,0,0,1,0,0,1,1,1,1,0,1,1,0,1,0,1,0,0,1,0,0,0,1,Widegren Cecilia,1,1,20
1,1,1,1,1,1,0,1,1,1,1,1,1,0,1,1,1,1,1,1,1,0,1,1,1,0,1,1,1,1,0,Lander Jarl,0,3,21
1,1,1,1,1,1,0,1,1,1,1,1,1,0,1,1,1,1,1,1,1,0,1,1,1,0,1,1,1,1,0,Johansson Ann-Kristine,1,3,21
1,1,1,0,1,0,0,0,1,1,1,1,1,0,1,1,0,1,0,0,0,0,1,1,1,0,1,1,1,1,0,Engström Marie,1,4,21
1,1,1,1,1,1,0,1,1,1,1,1,1,0,1,1,1,1,1,1,1,0,1,1,1,0,1,1,1,1,0,Pettersson Marina,1,3,21
0,0,1,1,0,0,1,0,0,0,0,0,0,0,1,1,1,1,1,1,0,1,0,0,0,0,1,1,0,1,0,Gerdin Viviann,1,7,21
0,1,0,1,0,0,1,0,0,0,0,0,0,0,1,0,1,0,0,1,0,1,0,0,1,0,1,1,0,0,0,Patriksson Runar,0,2,21
0,0,0,1,0,0,1,0,0,0,1,0,1,0,0,1,1,1,0,0,0,0,0,0,0,1,0,1,0,0,0,Kihlström Dan,0,6,21
0,1,0,0,0,0,1,0,0,0,1,0,0,1,1,1,1,0,1,1,0,1,0,1,0,0,1,0,0,0,1,Rådhström Jan-Evert,0,1,21
1,1,1,1,1,1,0,1,1,1,1,1,1,0,1,1,0,1,1,0,1,0,1,1,1,0,1,1,1,1,0,Björnlod Leif,0,5,21
1,1,1,1,1,1,0,1,1,1,1,1,1,0,1,1,1,1,1,1,1,0,1,1,1,0,1,1,1,1,0,Ternemar Tommy,0,3,21
0,0,0,0,0,0,0,0,0,0,0,0,0,0,0,0,0,0,1,1,1,0,1,1,0,0,0,0,0,1,0,Högman Berit,1,3,21
1,1,1,1,1,1,0,1,1,1,1,1,1,0,1,1,1,1,1,1,1,0,1,1,1,0,1,1,1,1,0,Lundberg Inger,1,3,22
1,1,1,1,1,1,0,1,1,1,1,1,1,0,1,1,1,1,1,1,1,0,1,1,1,0,1,1,1,1,0,Holmqvist Nils-Göran,0,3,22
1,1,1,0,0,0,0,0,0,0,1,1,1,0,1,1,1,1,1,1,1,0,1,1,1,0,1,1,1,1,0,Frisk Helena,1,3,22
0,1,0,0,0,0,1,0,0,0,1,0,0,1,1,1,1,0,1,1,0,1,0,0,0,0,1,0,0,0,1,Tolgfors Sten,0,1,22
1,1,1,0,1,0,0,0,1,1,1,1,1,0,1,1,0,1,0,0,0,0,1,1,1,0,1,1,1,1,0,Pedersen Peter,0,4,22
1,1,1,1,1,1,0,1,1,1,1,1,1,0,1,1,0,1,1,1,1,0,1,1,1,0,1,1,1,1,0,Johansson Mikael,0,5,22
0,1,1,0,0,0,1,0,0,0,0,0,0,0,1,0,1,0,0,1,0,1,0,0,1,0,1,1,0,0,0,Pehrson Johan,0,2,22
0,0,1,1,0,0,1,0,0,0,0,0,0,0,1,1,1,1,1,1,0,1,0,0,0,0,1,1,0,1,0,Larsen Sofia,1,7,22
1,1,1,1,1,1,0,1,1,1,1,1,1,0,1,1,1,1,1,1,1,0,1,1,1,0,1,1,1,1,0,Axelsson Lennart,0,3,22
0,0,0,1,0,0,1,0,0,0,1,0,1,0,0,1,1,1,1,1,0,1,0,0,0,1,0,1,0,0,0,Persson Sven Gunnar,0,6,22
1,1,1,1,1,1,0,1,1,1,1,1,1,0,1,1,1,1,1,1,1,0,1,1,1,0,1,1,1,1,0,Ernkrans Matilda,1,3,22
1,1,1,1,1,1,0,1,1,1,1,1,1,0,1,1,1,1,1,1,1,0,1,1,1,0,1,1,1,1,0,Magnusson Göran,0,3,23
1,1,1,1,1,1,0,1,1,1,1,1,1,0,1,1,1,1,1,1,1,0,1,1,1,0,1,1,0,1,0,Israelsson Margareta,1,3,23
0,1,1,0,0,0,1,0,0,0,0,0,0,0,1,0,1,0,0,1,0,1,0,0,1,0,1,1,0,0,0,Heinemann Kerstin,1,2,23
0,1,0,0,0,0,1,0,0,0,1,0,0,1,1,1,1,0,1,1,0,1,0,1,0,0,1,0,0,0,1,Högström Tomas,0,1,23
1,1,1,1,1,1,0,1,1,1,1,1,1,0,1,1,1,1,1,1,1,0,1,1,1,0,1,1,1,1,0,Nilsson Pia,1,3,23
1,1,1,1,1,1,0,1,1,1,1,1,1,0,1,1,1,1,0,0,0,0,0,0,1,0,1,1,1,1,0,Ytterberg Mariann,1,3,23
1,1,1,1,1,1,0,1,1,1,1,1,1,0,1,1,1,1,1,1,1,0,1,1,1,0,1,1,1,1,0,Vallius Paavo,0,3,23
0,0,1,1,0,0,1,0,0,0,0,0,0,0,1,1,1,1,0,1,0,1,0,0,0,0,1,1,0,1,0,Johansson Jörgen,0,7,23
1,1,1,0,1,1,0,0,1,1,1,1,1,0,1,1,0,1,0,0,0,0,1,1,1,0,1,1,1,1,0,Thorborg Karin,1,4,23
0,0,0,1,0,0,1,1,0,0,1,0,1,0,0,1,1,1,1,1,0,1,0,0,0,1,0,1,0,0,0,Lindström Torsten,0,6,23
1,1,1,1,1,1,0,1,1,1,1,1,1,0,1,1,1,1,1,1,1,0,1,1,0,0,0,0,0,0,0,Granström Per Erik,0,3,24
0,0,0,0,0,0,0,0,0,0,0,0,0,0,0,0,0,0,0,0,0,0,0,0,0,0,0,0,0,0,0,Hietala Nordlund Barbro,1,3,24
0,1,0,0,0,0,1,0,0,0,1,0,0,1,1,1,1,0,1,1,0,1,0,1,0,0,1,0,0,0,1,Gunnarsson Rolf,0,1,24
0,1,1,0,0,0,1,0,0,0,0,0,0,0,1,0,1,0,0,1,0,1,0,0,0,0,0,0,0,0,0,Fremling Lennart,0,2,24
0,0,1,1,0,0,1,0,0,0,0,0,0,0,1,1,1,1,1,1,0,1,0,0,0,0,0,0,0,0,0,Johansson Kenneth,0,7,24
1,1,1,1,1,1,0,1,1,1,1,1,1,0,1,1,0,1,1,0,1,0,1,1,1,0,1,1,1,1,0,Lindholm Jan,0,5,24
0,0,0,1,1,1,0,1,1,1,0,0,0,0,0,0,0,0,1,1,1,0,1,1,1,0,1,1,1,1,0,Ulvskog Marita,1,3,24
1,1,1,1,1,1,0,1,1,1,1,1,1,0,1,1,1,1,1,1,1,0,1,1,1,0,1,1,1,1,0,Kvarnström Kurt,0,3,24
1,1,1,0,1,1,0,0,1,1,1,1,1,0,1,1,0,1,0,0,1,0,1,1,1,0,1,1,1,1,0,Wiklund Anders,0,4,24
0,0,1,1,0,0,1,1,0,0,1,0,1,0,0,1,1,1,0,0,0,0,0,0,0,0,0,0,0,0,0,Lindgren Ulrik,0,6,24
1,1,1,1,1,1,0,1,1,1,1,1,1,0,1,1,1,1,1,1,1,0,1,1,1,0,1,1,1,1,0,Särnblad Anneli,1,3,24
1,1,1,1,1,1,0,1,1,1,1,1,1,0,1,1,1,1,1,1,1,0,1,1,1,0,1,1,1,1,0,Bohlin Sinikka,1,3,25
0,1,0,0,0,0,1,0,0,0,1,0,0,1,1,1,1,0,1,1,0,1,0,0,0,0,1,0,0,0,1,Norinder Patrik,0,1,25
1,1,1,0,0,0,0,0,0,0,1,1,1,1,1,1,1,1,1,1,1,0,1,1,1,0,1,1,1,1,0,Högström Kenth,0,3,25
1,1,1,0,1,1,0,0,1,1,1,1,1,0,1,1,0,1,1,0,1,0,1,1,1,0,1,1,1,1,0,Hellberg Owe,0,4,25
0,0,1,1,0,0,1,0,0,0,0,0,0,0,1,1,1,1,0,1,0,1,0,0,0,0,1,1,0,1,0,Bergström Sven,0,7,25
1,1,1,1,1,1,0,1,1,1,1,1,0,0,1,1,1,1,1,1,1,0,1,1,0,0,0,0,0,0,0,Pärssinen Raimo,0,3,25
1,1,1,1,1,1,0,1,1,1,1,1,1,0,1,1,1,1,1,1,1,0,1,1,1,0,1,1,1,1,0,Svensson Per-Olof,0,3,25
0,0,0,1,0,0,1,0,0,0,1,0,1,0,0,1,1,1,1,1,0,1,0,0,0,1,0,1,0,0,0,Marcelind Ragnwi,1,6,25
1,1,1,1,1,1,0,1,1,1,1,1,1,0,1,1,0,1,1,0,1,0,1,1,1,0,1,1,1,1,0,Hedström Lotta,1,5,25
1,1,1,1,1,1,0,1,1,1,1,1,1,0,1,1,1,1,1,1,1,0,1,1,1,0,1,1,1,1,0,Lindestam Åsa,1,3,25
0,1,1,0,0,0,1,0,0,0,0,0,0,0,1,0,1,0,0,1,0,1,0,0,1,0,1,1,0,0,0,Backman Hans,0,2,25
1,1,1,1,1,1,0,1,1,1,1,1,1,0,1,1,1,1,1,1,1,0,1,1,1,0,1,1,1,1,0,Stenberg Hans,0,3,26
1,1,1,1,1,1,0,1,1,1,1,1,1,0,1,1,1,1,1,1,1,0,1,1,1,0,1,1,1,1,0,Lundberg Agneta,1,3,26
1,1,1,1,1,1,0,1,1,1,1,1,1,0,1,1,1,1,1,1,1,0,1,1,1,0,1,1,1,1,0,Eberstein Susanne,1,3,26
1,1,1,1,1,1,0,1,1,1,1,1,1,0,1,1,1,1,0,0,0,0,0,0,1,0,1,1,1,1,0,Kristiansson Karlstedt Kerstin,1,3,26
1,1,1,1,1,1,0,1,1,1,1,1,1,0,1,1,1,1,1,1,1,0,1,1,1,0,1,1,1,1,0,Norlander Göran,0,3,26
0,0,1,1,0,0,1,0,0,0,0,0,0,0,1,1,1,1,1,1,0,1,0,0,0,0,1,1,0,1,0,Sellén Birgitta,1,7,26
1,1,1,0,1,1,0,0,1,1,1,1,1,0,1,1,0,1,1,0,0,0,1,0,1,0,1,1,1,1,0,Wahlén Gunilla,1,4,26
0,0,0,0,0,0,1,0,0,0,1,0,1,0,0,1,1,1,1,1,0,1,0,0,0,1,0,1,0,0,0,Lindén Lars,0,6,26
0,1,1,0,0,0,1,0,0,0,0,0,0,0,1,0,1,0,0,1,0,1,0,0,1,0,1,1,0,0,0,Hellquist Solveig,1,2,26
0,1,0,0,0,0,1,0,0,0,1,0,0,1,1,1,1,0,1,1,0,1,0,1,0,0,1,0,0,0,1,Kjellberg Bertil,0,1,26
1,1,1,1,1,1,0,1,1,1,1,1,1,0,1,1,1,1,1,1,1,0,1,1,1,0,1,1,1,1,0,Sandberg Gunnar,0,3,27
1,1,1,1,1,1,0,1,1,1,1,1,1,0,1,1,1,1,1,1,1,0,1,1,1,0,1,1,1,1,0,Berglund Rune,0,3,27
1,1,1,1,1,1,0,1,1,1,1,1,1,1,1,1,1,1,1,1,1,0,1,1,1,0,1,1,1,1,0,Nordén Marie,1,3,27
0,1,0,0,0,0,1,0,0,0,1,0,0,1,1,1,1,0,1,1,0,1,0,1,0,0,1,0,0,0,1,Sundell Ola,0,1,27
1,1,1,0,1,0,0,0,1,1,1,1,1,0,1,1,0,1,1,0,0,0,1,1,1,0,1,1,1,1,0,Sköld Jansson Camilla,1,4,27
0,0,1,1,0,0,1,1,0,0,0,0,0,0,1,1,1,1,1,0,0,1,0,0,0,0,1,1,0,1,0,Larsson Håkan,0,7,27
1,1,1,1,1,1,0,1,1,1,1,1,1,0,1,1,1,1,1,1,1,0,1,1,1,0,1,1,1,1,0,Lundberg Carin,1,3,28
0,0,0,0,0,0,0,0,0,0,0,0,0,0,0,0,0,0,1,1,1,0,1,1,1,0,1,1,1,1,0,Rådström Britta,1,3,28
1,1,1,0,0,0,0,0,0,0,1,1,1,0,1,1,1,1,1,1,1,0,1,1,1,0,1,1,1,1,0,Lilja Lars,0,3,28
1,1,1,0,1,1,0,0,1,1,1,1,1,0,1,1,0,1,1,0,0,0,1,0,1,0,1,1,1,1,0,Gustavsson Lennart,0,4,28
0,1,1,0,0,0,1,0,0,0,0,0,0,0,1,0,1,0,0,1,0,1,0,0,0,0,0,0,0,0,0,Ångström Yvonne,1,2,28
1,1,1,1,1,1,0,1,1,1,1,1,1,0,1,1,1,1,1,1,1,0,1,1,1,1,1,1,1,1,0,Abramsson Karl Gustav,0,3,28
0,0,0,0,0,0,1,0,0,0,1,0,1,0,0,1,1,1,1,1,0,1,0,0,0,1,0,1,0,0,0,Tjernberg Gunilla,1,6,28
0,1,0,0,0,0,0,0,0,0,1,0,0,1,1,1,1,0,0,0,0,0,0,0,0,0,1,0,0,0,1,Löfgren Ulla,1,1,28
0,0,0,0,0,0,0,0,0,0,0,0,0,0,0,0,0,0,0,0,0,0,0,0,0,0,0,0,0,0,0,Saarinen Ingegerd,1,5,28
1,1,1,1,1,1,0,1,1,1,1,1,1,0,1,1,1,1,1,0,1,0,1,1,1,0,1,1,1,1,0,Wibe Sören,0,3,28
0,0,0,0,0,0,0,0,0,0,0,0,0,0,0,0,0,0,0,0,0,0,0,0,0,0,0,0,0,0,0,Olofsson Maud,1,7,28
1,1,1,1,1,1,0,1,1,1,1,1,1,0,1,1,1,1,1,1,1,0,1,1,1,0,1,1,1,1,0,Klockare Lennart,0,3,29
1,1,1,1,1,1,0,1,1,1,1,1,1,0,1,1,1,1,1,1,1,0,1,1,1,0,1,1,1,1,0,Zakrisson Kristina,1,3,29
1,1,1,1,1,1,0,1,1,1,1,1,1,0,1,1,1,1,1,1,1,0,1,1,1,0,1,1,1,1,0,Ahlqvist Birgitta,1,3,29
1,1,1,0,1,1,0,0,1,1,1,1,1,0,1,1,0,1,1,0,0,0,1,1,1,0,1,1,1,1,0,Holma Siv,1,4,29
1,1,1,1,1,1,0,1,1,1,1,1,1,0,1,1,0,1,1,1,1,0,1,1,1,0,1,1,1,1,0,Eriksson Peter,0,5,29
0,0,0,0,0,0,1,0,0,0,1,0,1,0,0,1,1,1,1,1,0,1,0,0,0,1,0,1,0,0,0,Wälivaara Erling,0,6,29
1,1,1,1,1,1,0,1,1,1,1,1,1,0,1,1,1,1,1,1,1,0,1,1,1,0,1,1,1,1,0,Åström Karin,1,3,29
1,1,1,1,1,1,0,1,1,1,1,1,1,0,1,1,1,1,1,1,1,0,1,1,1,0,1,1,1,1,0,Gidblom Birgitta,1,3,29
1,1,1,1,1,1,0,1,1,1,1,1,1,0,1,1,1,1,1,1,1,0,1,1,1,0,1,1,1,1,0,Öberg Maria,1,3,29
0,1,0,0,0,0,1,0,0,0,1,0,0,1,1,1,1,0,1,1,0,1,0,1,0,0,0,0,0,0,0,Hammarbergh Krister,0,1,29
0,1,1,0,0,0,1,0,0,0,0,0,0,0,1,0,1,0,0,1,0,1,0,0,1,0,1,1,0,0,0,Grönlund Krantz Anna,1,2,29
