0,1,0,1,1,1,1,1,1,1,1,0,1,0,1,1,0,0,1,1,0.5,1,1,0,0,1,0,0,1,1,1,0,1,1,1,1,1,0,1,1,1,1,1,1,0,0,1,0,0,0,0,0,1,1,0,0,1,0,1,1,0,0,1,0,0,0,0,0,0,0,0,0,0,0,Rep. Brian Higgins [D],NY,33,Democrat,0,26,19
0,0.5,0,1,1,1,1,1,1,1,1,0,1,0,1,1,0,0,1,1,0,1,1,0.5,0.5,0.5,0,0,1,1,1,0,1,1,1,1,1,0,1,1,1,1,1,1,0,0,1,0,0.5,0,0,0,1,1,0,0,1,0,1,1,0,0,1,0,0,0,0,0,0,0,0,0.5,0,0,Rep. Dwight Evans [D],PA,37,Democrat,0,2,12
0,0,0,1,1,1,1,1,1,1,1,0,1,0,1,1,0,0,1,1,0,1,0,0,0,1,0,0,1,1,1,0,1,1,1,1,1,0,1,1,1,1,1,1,0,0,1,0,0,0,0,0,1,1,0,0,1,0,1,1,0,0,1,0,0,0,0,0,0,0,0,0,0,0,Rep. Robert “Bobby” Scott [D],VA,44,Democrat,0,3,23
1,1,1,0,0,0,0,0,0,0,0,1,0,1,1,1,1,1,0,0,1,0,1,1,1,1,1,1,0,0,0,1,0,0,0,0,0,1,0,0,0,0,0,0,1,1,0,1,1,1,1,1,1,1,1,1,0,1,1,1,1,1,0,1,1,1,1,1,1,1,1,1,1,1,Rep. John Moolenaar [R],MI,21,Republican,1,4,34
1,1,1,0,0,0,0,0,0,0,0,1,0,1,1,1,1,1,1,0,1,0,1,1,1,1,1,1,0,0,0,1,0,0,0,0,0,1,0,0,0,0,0,0,1,1,0,1,1,1,1,1,1,1,1,1,0,1,1,1,1,1,0,1,1,1,1,1,1,1,1,1,1,1,Rep. Dennis Ross [R],FL,8,Republican,1,15,7
1,1,1,0,0,0,0,0,0,0,0,1,0,1,1,1,1,1,1,0,1,0,1,1,1,1,1,1,0,0,0,1,0,0,0,0,0,1,0,0,0,0,0,0,1,1,0,1,1,1,1,1,1,1,1,1,0,1,1,1,1,1,0,1,1,1,1,1,1,1,1,1,1,1,Rep. Austin Scott [R],GA,9,Republican,1,8,52
1,1,1,0,0,0,0,0,0,0,0,1,0,1,1,1,1,1,1,0,1,0,1,1,0.5,1,1,1,0,0,0,1,0,0,0,0,0,1,0,0,0,0,0,0,1,1,0,1,1,1,1,1,1,1,1,1,0,1,1,1,1,1,0,1,1,1,1,1,1,1,1,1,1,1,Rep. Tom Cole [R],OK,35,Republican,1,4,34
1,1,1,0,0,0,0,0,0,0,0,1,0,1,1,1,1,1,0,0,1,0,1,1,1,1,1,1,0,0,0,1,0,0,0,0,0,1,0,0,0,0,0,0,1,1,0,1,1,1,1,1,1,1,1,1,0,1,1,1,1,1,0,1,1,1,0,1,1,1,1,1,1,1,Rep. Bruce Poliquin [R],ME,20,Republican,1,2,12
0,1,0.5,1,1,1,1,1,1,1,1,0,1,0,1,1,0,0,1,1,0,1,1,0,0,1,0,0,1,1,1,0,1,1,1,1,1,0,1,1,1,1,1,1,0,0,1,0,0,0,0,0,1,1,0,0,1,0,1,1,0,0,1,0,0,0,0,0,0,0,0,0,0,0,Rep. Ben Luján [D],NM,31,Democrat,0,3,23
1,1,1,0,0,0,0,0,0,0,0,1,0,1,1,1,1,1,1,0,1,0,1,1,1,1,1,1,0,0,0,1,0,1,0,0,0,1,0,0,0,0,0,0,1,1,0,1,1,1,1,1,1,1,1,1,0,1,1,1,1,1,0,1,1,1,1,1,1,1,1,1,1,1,Rep. Alex Mooney [R],WV,48,Republican,1,2,12
1,1,1,0,0,0.5,0,0,0,0,0,1,0,1,1,1,1,1,1,0,1,0,1,1,1,1,1,1,0,0,0,1,0,0,0,0,0,1,0,0,0,0,0,0,1,1,0,1,1,1,1,1,1,1,1,1,0,1,1,1,1,1,0,1,1,1,1,1,1,1,1,1,1,1,Rep. Barbara Comstock [R],VA,44,Republican,1,10,2
1,1,1,0,0,0,0,0,0,0,0,1,0,1,1,1,1,1,0,0,1,0,1,1,1,1,1,1,0,0,0,1,0,0,0,0,0,1,0,0,0,0,0,0,1,1,0,1,1,1,1,1,1,1,1,1,0,1,1,1,1,1,0,1,1,1,1,1,1,1,1,0,1,1,Rep. Brian Mast [R],FL,8,Republican,1,18,10
1,1,1,0,0,0,0,0,0,0,0,1,0,1,1,1,1,1,0,0,1,0,1,1,1,1,1,1,0,0,0,1,0,0,0,0,0,1,0,0,0,0,0,0,1,1,0,1,1,1,1,1,1,1,1,1,0,1,1,1,1,1,0,1,1,1,1,1,1,1,1,1,1,1,Rep. George Holding [R],NC,26,Republican,1,2,12
1,1,1,0,0,0,0,0,0,0,0,1,0,1,1,1,1,1,1,0,1,0,1,1,1,1,1,1,0,0,0,1,0,0,0,0,0,1,0,0,0,0,0,0,1,1,0,1,1,1,1,1,1,1,1,1,0,1,1,1,1,1,0,1,1,1,1,1,1,1,1,1,1,1,Rep. Steve Chabot [R],OH,34,Republican,1,1,1
1,1,1,0,0,0,0,0,0,0,0,1,0,1,1,1,1,1,0,0,1,0,1,1,1,1,1,1,0,0,0,1,0,0,0,0,0,1,0,0,0,0,0.5,0,1,1,0,1,1,1,1,1,1,1,1,1,0,1,1,1,1,1,0,1,1,1,1,1,1,1,1,1,1,1,Rep. Dana Rohrabacher [R],CA,4,Republican,1,48,43
0,1,0,1,1,1,1,1,1,1,1,0,1,0,1,1,0,0,1,1,0,1,1,0,0,1,0,0,1,1,1,0,1,1,1,1,1,0,1,1,1,1,1,1,0,0,0.5,0,0,0,0,0,1,1,0,0,1,0,1,1,0,0,1,0,0,0,0,0,0,0,0,0,0,0,Rep. Carolyn Maloney [D],NY,33,Democrat,0,12,4
1,1,1,0,0,0,0,0,0,0,0,1,0,1,1,1,1,1,1,0,1,0,1,1,1,1,1,1,0,0,0,1,0,0,0,0,0,1,0,0,0,0,0,0,1,1,0,1,1,1,1,1,1,1,1,1,0,1,1,1,1,1,0,1,1,1,1,1,1,1,1,1,1,1,Rep. Joe Wilson [R],SC,39,Republican,1,2,12
0,0,0,1,1,1,1,1,1,1,1,0,1,0,1,1,0,0,1,1,0,1,0,0,0,1,0,0,1,1,1,0,1,1,1,1,1,0,1,1,1,1,1,1,0,0,1,0,0,0,0,0,1,1,0,0,1,0,1,1,0,0,1,0,0,0,0,0,0,0,0,0,0,0,Rep. Lloyd Doggett [D],TX,42,Democrat,0,35,29
1,1,1,0,0,0,0,0,0,0,0,1,0,1,1,1,1,1,1,0,1,0,1,1,1,1,1,1,0,0,0,1,0,0,0,0,0,1,0,0,0,0,0,0,1,1,0,1,1,1,0,1,1,1,1,1,0,1,1,1,1,1,0,1,1,1,1,1,1,1,1,1,1,1,Rep. Tom McClintock [R],CA,4,Republican,1,4,34
1,1,1,0,0,0,0,0,0,0,0,1,0,1,1,1,1,1,0,0,1,0,1,1,1,1,1,1,0,0,0,1,1,1,0,0,0,1,0,0,0,0,0,1,1,1,0,1,1,1,1,1,1,1,1,1,0,1,1,1,1,1,0,1,1,1,1,1,1,1,1,1,1,1,Rep. Rod Blum [R],IA,11,Republican,1,1,1
1,1,1,0,0,0,0,0,0,0,0,1,0,1,1,1,1,1,0,0,1,0,1,1,1,1,1,1,0,0,0,1,0,0,0,0,0,1,0,0,0,0,0,0,1,1,0,1,1,1,1,1,1,1,0.5,1,0,1,1,1,1,1,0,1,1,1,1,1,1,1,1,1,1,1,Rep. David Joyce [R],OH,34,Republican,1,14,6
1,1,1,0,0,0,0,0,0,0,0,1,0,1,1,1,1,1,1,0,1,0,1,1,1,1,1,1,0,0,0,1,0,0,0,0,0,1,0,0,0,0,0,0,1,1,0,1,1,1,1,1,1,1,1,1,0,1,1,1,1,1,0,1,1,1,1,1,1,1,1,1,1,1,Rep. Tom Emmer [R],MN,22,Republican,1,6,50
1,1,1,0,0,0,0,0,0,0,0,1,0,1,1,1,1,1,1,0,1,0,1,1,1,1,1,1,0,0,0,1,0,0,0,0,0,1,0,0,0,0,0,0,1,1,0,1,1,1,1,1,1,1,1,1,0,1,1,1,1,1,0,1,1,1,1,1,1,1,1,1,1,1,Rep. Robert Wittman [R],VA,44,Republican,1,1,1
1,1,1,0,0,0,0,0,0,0,0,1,0,1,1,1,1,1,0,0,1,0,1,1,1,1,1,1,0,0,0,1,0,0,0,0,0,1,0,0,0,0,0,0,1,1,0,1,1,1,1,1,1,1,1,1,0,1,1,1,1,1,0,1,1,1,1,1,1,1,1,1,1,1,Rep. Ron DeSantis [R],FL,8,Republican,1,6,50
1,1,1,0,0,0,0,0,0,0,0,1,0,1,1,1,1,1,1,0,1,0,1,1,1,1,1,1,0,0,0,1,0,0,0,0,0,1,0,0,0,0,0,0,1,1,0,1,1,1,1,1,1,1,1,1,0,1,1,1,1,1,0,1,1,1,1,1,1,1,1,1,1,1,Rep. Chris Stewart [R],UT,43,Republican,1,2,12
1,1,1,0,0,0,0,0,0,0,0,1,0,1,1,1,1,1,1,0,1,0,1,1,1,1,1,1,0,0,0,1,0,0,0,0,0,1,0,0,0,0,0,0,1,1,0,1,1,1,1,1,1,1,1,1,0,1,1,1,1,1,0,1,1,1,1,1,1,1,1,1,1,1,Rep. Mac Thornberry [R],TX,42,Republican,1,13,5
1,1,1,0,0,0,0,0,0,0,0,1,0,1,1,1,1,1,1,0,1,0,1,1,1,1,1,1,0,0,0,1,0,0,0,0,0,1,0,0,0,0,0,0,1,1,0,1,1,1,1,1,1,1,1,1,0,1,1,1,1,1,0,1,1,1,1,1,1,1,1,1,1,1,Rep. Blaine Luetkemeyer [R],MO,23,Republican,1,3,23
1,1,1,0,0,0,0.5,0,0,0,0,1,0,1,1,1,1,1,1,0,1,0,1,1,1,1,1,1,0,0,0,1,0,0,0,0,0,1,0,0,0,0,0,0,1,1,0,1,1,1,1,1,1,1,1,1,0,1,1,1,1,1,0,1,1,1,1,1,1,1,1,1,1,1,Rep. Mario Diaz-Balart [R],FL,8,Republican,1,25,18
0.5,0.5,0.5,0.5,0.5,0.5,0.5,0.5,0.5,0.5,0.5,0.5,0.5,0.5,1,1,0,0,0,1,0,1,0,0,0,1,0,0,1,1,1,0,1,1,1,1,1,0,1,1,1,1,1,1,0,0,1,0,0,0,0,0,1,1,0,0,1,0,0.5,0.5,0,0,0.5,0,0,0,0,0,0,0,0,0,0.5,0.5,Rep. Ruben Gallego [D],AZ,3,Democrat,0,7,51
1,1,1,0,0,0,0,0,0,0,0,1,0,1,1,1,1,1,0,0,1,0,1,1,1,1,1,1,0,0,0,1,0,0,0,0,0,1,0,0,0,0,0,0,1,1,0,1,1,1,1,1,1,1,1,1,0,1,1,1,1,1,0,1,1,1,1,1,1,1,1,1,1,1,Rep. Buddy Carter [R],GA,9,Republican,1,1,1
1,1,1,0,0,0,0,0,0,0,0,1,0,1,1,1,1,1,0,0,1,0,1,1,1,1,1,1,0,0,0,1,0,0,0,0,0,1,0,0,0,0,0,0,1,1,0,1,1,1,1,1,1,1,1,1,0,1,1,1,1,1,0,1,1,1,1,1,1,1,1,1,1,1,Rep. Bill Flores [R],TX,42,Republican,1,17,9
1,1,1,0,0,0,0,0,0,0,0,1,0,1,1,1,1,1,0,0,1,0,1,1,1,1,1,1,0,0,0,1,0,0,0,0,0,1,0,0,0,0,0,0,1,1,0,1,1,1,1,1,1,1,1,1,0,1,1,1,1,1,0,1,1,1,1,1,1,1,1,1,1,1,Rep. Robert Pittenger [R],NC,26,Republican,1,9,53
1,1,1,0,0,0,0,0,0,0,0,1,0,1,1,1,1,1,0,0,1,0,1,0.5,1,1,1,1,0,0,0,1,0,0,0,0,0,1,0,0,0,0,0,0,1,1,0,1,1,1,1,1,1,1,1,1,0,1,1,1,1,1,0,1,1,1,0,1,1,1,1,0,1,1,Rep. Carlos Curbelo [R],FL,8,Republican,1,26,19
0,1,0,1,1,1,1,1,1,1,1,0,1,0,1,1,0,0,0,1,0,1,0,0,0,1,0,0,1,1,1,0,1,1,1,1,1,0,1,1,1,1,1,1,0,0,1,0,0,0,0,0,1,1,0,0,1,0,0.5,1,0,0,1,0,0,0,0,0,0,0,0,0,0,0,Rep. James “Jim” Langevin [D],RI,38,Democrat,0,2,12
1,0,1,0,0,0,0,0,0,0,0,1,0,1,1,1,1,1,0.5,0,1,0,1,1,1,0,1,1,0,0,0,1,0,0,0,0,0,1,0,0,0,0,0,0,1,1,0,1,1,1,1,1,0,1,1,1,0,1,1,1,1,1,0,1,1,1,1,1,1,1,1,1,1,1,Rep. Louie Gohmert Jr. [R],TX,42,Republican,1,1,1
0,1,0,1,1,1,1,1,1,1,1,0,1,0,1,1,0,0,1,1,0,1,0,0,0,1,0,0,1,1,1,0,1,1,1,1,1,0,1,1,1,1,1,1,0,0,1,0,0,0,0,0,1,1,0,0,1,0,1,1,0,0,1,0,0,0,0,0,0,0,0,0,0,0,Rep. David Cicilline [D],RI,38,Democrat,0,1,1
1,1,1,0,0,0,0,0,0,0,0,1,0,1,1,1,1,1,0,0,1,0,1,1,1,1,1,1,0,0,0,1,0,0,0,0,0,1,0,0,0,0,0,0,1,1,0,1,1,1,1,1,1,1,1,1,0,1,1,1,1,1,0,1,1,1,1,1,1,1,1,0.5,1,1,Rep. Tom Reed II [R],NY,33,Republican,1,23,16
0,1,0,1,1,1,1,1,1,1,1,0,1,0,1,1,0,0,1,1,0,1,1,0,0,1,0,0,1,1,1,0,1,1,1,1,1,0,1,1,1,1,1,1,0,0,1,0,0,0,0,0,1,1,0,0,1,0,1,1,0,0,1,0,0,0,0,0,0,0,0,0,0,0,Rep. Sander Levin [D],MI,21,Democrat,0,9,53
0,1,0,1,1,1,1,1,1,1,1,0,1,0,1,1,0,0,0,1,0,1,0,0,0,1,0,0,0,1,1,0,1,1,1,1,1,0,1,1,1,1,1,1,0,0,1,0,0,0,0,0,1,1,0,0,1,0,1,1,0,0,1,0,0,0,0,0,0,0,0,0,0,0,Rep. Albio Sires [D],NJ,30,Democrat,0,8,52
0.5,0,0,1,1,1,1,1,1,1,1,0,1,0,0.5,0.5,0,0,1,1,0,1,1,0.5,0.5,0.5,0,0,1,1,1,0,1,1,1,1,1,0,1,1,1,1,1,1,0,0,1,0,0,0,0,0,1,1,0,0,1,0,0.5,1,0,0,1,0,0,0,0,0,0,0,0,0,0,0,Rep. George “G.K.” Butterfield Jr. [D],NC,26,Democrat,0,1,1
0.5,0,0,1,1,1,1,1,1,1,1,0,1,0,1,1,0,0,1,1,0,1,1,0,0,1,0,0,1,1,1,0,1,1,1,1,1,0,1,1,1,1,1,1,0,0,1,0,0.5,0,0,0,1,1,0,0,1,0,0.5,1,0,0,1,0,0,0.5,0.5,0,0,0,0,0,0,0,Rep. Gregory Meeks [D],NY,33,Democrat,0,5,45
1,1,1,0,0,0,0,0,0,0,0,1,0,1,1,1,1,1,0,0,1,0,1,1,1,1,1,1,0,0,0,1,0,0,0,0,0.5,1,0,0,0,0,0,0,1,1,0,1,1,1,0,1,1,1,1,1,0,1,1,1,1,1,0,1,1,1,1,1,1,1,1,1,1,1,Rep. Tom MacArthur [R],NJ,30,Republican,1,3,23
0,1,0,1,1,1,1,1,1,1,1,0,1,0,1,1,0,0,0,1,0,1,0,0,0,1,0,0,1,1,1,0,1,1,1,1,1,0,1,1,1,1,1,1,0,0,1,0,0,0,0,0,1,1,0,0,1,0,1,1,0,0,1,0,0,0,0,0.5,0.5,0.5,0.5,0.5,0,0,Rep. Alcee Hastings [D],FL,8,Democrat,0,20,13
1,1,1,0,0,0,0,0,0,0,0,1,0,1,1,1,1,1,1,0,1,0,1,1,1,1,1,1,0,0,0,1,0,0,0,0,0,1,0,0,0,0,0,0,1,1,0,1,1,1,1,1,1,1,1,1,0,1,1,1,1,1,0,1,1,1,1,1,1,1,1,1,1,1,Rep. Mike Gallagher [R],WI,47,Republican,1,8,52
0,0,0,1,1,1,1,1,1,1,1,0,1,0,1,1,0,0,0.5,1,0,1,0,0.5,0.5,0.5,0,0,1,1,1,0,1,1,1,1,1,0,1,1,1,1,1,1,0,0,1,0.5,0,0,0,0,0.5,0.5,0.5,0.5,1,0,1,1,0,0,1,0,0,0,0,0,0,0,0,0,0,0,Rep. Donald Payne Jr. [D],NJ,30,Democrat,0,10,2
0,1,0,1,1,1,1,1,1,1,1,0,1,0,1,1,0,0,0,1,0,1,1,0,0,1,0,0,1,1,1,0,1,1,1,1,1,0,1,1,1,1,1,1,0,0,1,0,0,0,0,0,1,1,0,0,1,0,1,1,0,0,1,0,0,0,0,0,0,0,0,0,0,0,Rep. Pete Aguilar [D],CA,4,Democrat,0,31,25
0,1,0,1,1,1,1,1,1,1,1,0,1,0,1,1,0,0,1,1,0,1,0,0,0,1,0,0,1,1,1,0,1,1,1,1,1,0,1,1,1,1,1,1,0,0,1,0,0,0,0,0,1,1,0,0,1,0,1,1,0,0,1,0,0,0,0,0,0,0,0,0,0,0,Rep. Suzanne Bonamici [D],OR,36,Democrat,0,1,1
0,0,0,1,1,1,1,1,1,1,1,0,1,0,1,1,0.5,0.5,0.5,0.5,0,0.5,0.5,0.5,0.5,0.5,0,0,1,1,1,0,1,1,1,1,1,0,1,1,1,1,1,1,0,0,1,0,0,0,0,0,1,1,0,0,1,0,1,1,0,0,1,0,0,0,0,0,0,0,0,0,0,0,Rep. Robin Kelly [D],IL,13,Democrat,0,2,12
1,1,1,0,0,0,0,0,0,0,0,1,0,1,1,1,1,1,1,0,1,0,1,1,1,1,1,1,0,0,0,1,0,0,0,0,0,1,0,0,0,0,0,0,1,1,0,1,1,1,1,1,1,1,1,1,0,1,1,1,1,1,0,1,1,1,1,1,1,1,0,1,1,1,Rep. Daniel Donovan Jr. [R],NY,33,Republican,1,11,3
1,1,1,0,0,0,0,0,0,0,0,1,0,1,1,1,1,1,1,0.5,1,0,1,1,1,1,1,1,0,0,0,1,0,0,0,0,0,1,0,0,0,0,0,0,1,1,0,1,1,1,1,1,1,1,1,1,0,1,1,1,1,1,0,1,1,1,1,1,1,1,1,1,1,1,Rep. Diane Black [R],TN,41,Republican,1,6,50
1,1,1,0,0,0,0,0,0,0,0,1,0,1,1,1,1,1,0,0,1,0,1,1,1,1,1,1,0,0,0,1,0,0,0,0,0,1,0,0,0,0,0,0,1,1,0,1,1,1,1,1,1,1,1,1,0,1,1,1,1,1,0,1,1,1,1,1,1,1,1,1,1,1,Rep. Brad Wenstrup [R],OH,34,Republican,1,2,12
0,0,0,1,1,1,1,1,1,1,1,0,1,0,1,1,0,0,0,1,0,1,0,0.5,0.5,0.5,0,0,1,1,1,0,1,1,1,1,1,0,1,1,1,1,1,1,0,0,1,0,0,0,0,0,1,1,0,0,1,0,1,1,0,0,1,0,0,0,0,0,0,0,0,0,0,0,Rep. John Lewis [D],GA,9,Democrat,0,5,45
1,1,1,0,0,0,0,0,0,0,0,1,0,1,1,1,1,1,1,0,1,0,1,1,1,1,1,1,0,0,0,1,0,0,0,0,0,1,0,0,0,0,0,0,1,1,0,1,1,1,1,1,1,1,1,1,0,1,1,1,1,1,0,1,1,1,1,1,1,1,1,1,1,1,Rep. Kevin McCarthy [R],CA,4,Republican,1,23,16
0,0,0,1,1,1,1,1,1,1,1,0,1,0,1,1,0,0,0.5,1,0,1,0,0,0,1,0,0,1,1,1,0,1,1,1,1,1,0,1,1,1,1,1,1,0,0,1,0,0,0,0,0,1,1,0,0,1,0,0.5,1,0,0,1,0,0,0,0,0,0,0,0,0,0,0,Rep. Paul Tonko [D],NY,33,Democrat,0,20,13
0,0,0,1,1,1,1,1,1,1,1,0,1,0,1,1,0,0,1,1,0,1,1,0,0,1,0,1,1,1,1,0,1,1,1,1,1,0,1,1,1,1,1,1,0,0,1,0,0,0,0,0,1,1,0,0,1,0,1,1,0,0,1,0,0,0,0,0,0,0,0,0,0,0,Rep. Bill Foster [D],IL,13,Democrat,0,11,3
1,1,1,0,0,0,0,0,0,0,0,1,0,1,0.5,0.5,1,1,1,0,1,0,1,1,1,1,1,1,0,0,0,1,0,0,0,0,0,1,0,0,0,0,0,0,1,1,0,1,1,1,1,1,1,1,1,1,0,1,1,1,1,1,0,0.5,0.5,1,1,0.5,1,1,1,1,1,1,Rep. Steve Russell [R],OK,35,Republican,1,5,45
1,1,1,0,0,0,0,0,0,0,0,1,0,1,1,1,1,1,1,0,1,0,1,1,1,1,1,1,0,0,0,1,0,0,0,0,0,1,0,0,0,0,0,0,1,1,0,1,1,1,1,1,1,1,1,1,0,1,1,1,1,1,0,1,1,1,1,1,1,1,1,1,1,1,Rep. Jeb Hensarling [R],TX,42,Republican,1,5,45
0,1,0,1,1,1,1,1,1,1,1,0,1,0,1,1,0,0,1,1,0,1,1,0,0,1,0,0,1,1,1,0,1,1,1,1,1,0,1,1,1,1,1,1,0,0,1,0,0,0,0,0,0.5,0.5,0,0,1,0,1,1,0,0,1,0,0,0,0,0,0,0,0,0,0,0,Rep. Raul Ruiz [D],CA,4,Democrat,0,36,30
1,1,1,0,0,0,0,0,0,0,0,1,0,1,1,1,1,1,1,0,1,0,1,1,1,1,1,1,0,0,0,1,0,0,0,0,0,1,0,0,0,0,0,0,1,1,0,0.5,1,1,1,1,1,1,1,1,0,1,1,1,1,1,0,1,1,1,1,1,1,1,1,1,1,1,Rep. Thomas Garrett [R],VA,44,Republican,1,5,45
1,1,1,0,0,0,0,0,0,0,0,1,0,1,0.5,0.5,0.5,0.5,0.5,0.5,1,0.5,0.5,1,1,1,1,1,0,0,0,1,0,0,0,0,0,1,0,0,0,0,0,0,1,1,0,1,1,1,1,1,0.5,0.5,1,1,0,1,1,1,1,1,0,1,1,1,1,1,1,1,1,1,1,1,Rep. Jeff Duncan [R],SC,39,Republican,1,3,23
1,1,1,0,0,0,0,0,0,0,0,1,0,1,1,1,1,1,1,0,1,0,1,1,1,1,1,1,0,0,0,1,0,0,0,0,0,1,0,0,0,0,0,0,1,1,0,1,1,1,1,1,0.5,0.5,1,1,0,1,1,1,1,1,0,1,1,1,1,1,1,1,1,1,1,1,Rep. Bradley Byrne [R],AL,1,Republican,1,1,1
0,0,0,1,1,1,1,1,1,1,1,0,1,0,1,1,0,0,1,1,0,0,1,0,0,1,0,0,1,1,1,0,1,1,1,1,1,0,1,1,1,1,1,1,0,0,1,0,0,0,0,0,1,1,0,0,1,0,1,1,0,0,1,0,0,0,0,0,0,0,0,0,0,0,Rep. Anna Eshoo [D],CA,4,Democrat,0,18,10
1,1,1,0,0,0,0,0,0,0,0,1,0,1,1,1,1,1,1,0,1,0,1,1,1,1,1,1,0,0,0,1,0,0,0,0,0,1,0,0,0,0,0,0,1,1,0,1,1,1,1,1,1,1,1,1,0,1,1,1,1,1,0,1,1,1,1,1,1,1,1,1,1,1,Rep. Clay Higgins [R],LA,17,Republican,1,3,23
0,0,0,1,1,1,1,1,1,1,1,0,1,0,1,1,0,0,0,1,0,1,1,0,0,1,0,0,1,1,1,0,1,1,1,1,1,0,1,1,1,1,1,1,0,0,1,0,0,0,0,0,1,1,0,0,1,0,1,1,0,0,0.5,0,0,0,0,0,0,0,0,0,0,0,Rep. Donald Beyer [D],VA,44,Democrat,0,8,52
0,0,0,1,1,1,1,1,1,1,1,0,1,0,1,1,0,0,0,1,0,1,0,0,0,1,0,0,1,1,1,0,1,1,1,1,1,0,1,1,1,1,1,1,0,0,1,0,0,0,0,0,1,1,0,0,1,0,1,1,0,0,1,0,0,0,0,0,0,0,0,0,0,0,Rep. Alan Lowenthal [D],CA,4,Democrat,0,47,42
0,0,0,1,1,1,1,1,1,1,1,0,1,0,0.5,0.5,0,0,0.5,1,0,1,0,0,0,1,0,0,1,1,1,0,1,1,1,1,1,0,1,1,1,1,1,1,0,0,1,0,0,0,0,0,0.5,0.5,0,0,1,0,0.5,0.5,0,0,1,0,0,0,0,0,0,0,0,0,0,0,Rep. Raúl Grijalva [D],AZ,3,Democrat,0,3,23
1,1,1,0,0,0,0,0,0,0,0,1,0,1,1,1,1,1,1,0,1,0,1,1,1,1,1,0,0,0,0,1,0,0,0,0,0,1,0,0,0,0,0,0,1,1,0,1,1,1,1,1,1,1,1,1,0,1,1,1,1,1,0,1,1,1,1,1,1,1,1,1,1,1,Rep. Mike Rogers [R],AL,1,Republican,1,3,23
0,1,0,1,1,1,1,1,1,1,1,0,1,0,1,1,0,0,0,1,0,1,1,0,0,1,0,0,1,1,1,0,1,1,1,1,1,0,1,1,1,1,1,1,0,0,1,0,0,0,0,0,1,1,0,0,1,0,1,1,0,0,1,0,0,0,0,0,0,0,0,0,0,0,Rep. Elizabeth Esty [D],CT,6,Democrat,0,5,45
0,1,0,1,1,1,1,1,1,1,1,0,1,0,1,1,0,0,1,1,0.5,1,0,0,0,1,0,0,1,1,1,0,1,1,1,1,1,0,1,1,1,1,1,1,0,0,1,0,0,0,0,0,1,1,0,0,1,0,1,1,0,0,1,0,0,0,0,0,0,0,0,0,0,0,Rep. Colleen Hanabusa [D],HI,10,Democrat,0,1,1
0,1,0.5,1,1,1,1,1,1,1,1,0,1,0,1,1,0.5,0,0,1,0,1,1,0,0,1,0,1,1,1,1,0,1,1,1,1,1,0,1,1,1,1,1,1,0,0,1,0,0.5,0.5,0,0,1,1,0,0,1,0,1,1,0,0,1,0,0,0,0,0,0,0,0,0,0,0,Rep. Joseph “Joe” Crowley [D],NY,33,Democrat,0,14,6
1,1,1,0,0,0,0,0,0,0,0,1,0,1,1,1,1,1,1,0,1,0,1,1,1,1,1,1,0,0,0,1,0,0,0,0,0,1,0,0,0,0,0,0,1,1,0,1,1,1,1,1,1,1,1,1,0,1,1,1,1,1,0,1,1,1,1,1,1,1,1,1,1,1,Rep. Rick Allen [R],GA,9,Republican,1,12,4
1,1,1,1,0,0,1,0,0,0,0,1,0,1,1,1,1,1,1,0,1,0,1,1,1,1,1,1,0,0,0,1,0,0,0,0,0,1,0,0,0,0,0,0,1,1,0,1,1,1,1,1,1,1,1,1,0,1,1,1,1,1,0,1,1,1,1,1,1,1,1,0,1,1,Rep. Elise Stefanik [R],NY,33,Republican,1,21,14
0,1,0,1,1,1,0.5,1,1,1,1,0,1,0,1,1,0,0,0.5,1,0,1,0,0,0,1,0,0,1,1,1,0,1,1,1,1,1,0,1,1,1,1,1,1,0,0,1,0,0,0,0,0,1,1,0,0,1,0,1,1,0,0,1,0,0,0,0,0,0,0,0,0,0,0,Rep. Linda Sánchez [D],CA,4,Democrat,0,38,32
1,1,1,0,0,0,0,0,0,0,0,1,0,1,0.5,1,1,1,1,0,1,0,1,1,1,1,1,1,0,0,0,1,0,0,0,0,0,1,0,0,0,0,0,0,1,1,0,1,1,1,1,1,1,1,1,1,0,1,1,1,1,1,0,1,1,1,1,1,1,1,1,1,1,1,Rep. Kevin Brady [R],TX,42,Republican,1,8,52
0,1,0,1,1,1,1,1,1,1,1,0,1,0,1,1,0,0,1,1,0,1,0,0,0,1,0,0,1,1,1,0,1,1,1,1,1,0,1,1,1,1,1,1,0,0,1,0,0,0,0,0,1,1,0,0,1,0,1,1,0,0,1,0,0,0.5,0,0,0,0,0,0,0,0,Rep. Matthew Cartwright [D],PA,37,Democrat,0,17,9
1,1,1,0,0,0,0,0,0,0,0,1,0,1,1,1,1,1,0,0,1,0,1,1,1,1,1,1,0,0,0,1,0,0,0,0,0,1,0,0,0,0,0,0,1,1,0,1,1,1,1,1,1,1,1,1,0,1,1,1,1,1,0,1,1,1,1,1,1,1,1,1,1,1,Rep. Erik Paulsen [R],MN,22,Republican,1,3,23
1,1,1,0,0,0,0,0,0,0,0,1,0,1,1,1,1,1,0,0,1,0,1,1,1,1,1,1,0,0,0,1,0,0,0,0,0,1,0,0,0,0,0,0,1,1,0,1,1,1,1,1,1,1,1,1,0,1,1,1,1,1,0,1,1,1,1,1,1,1,1,1,1,1,Rep. Rodney Davis [R],IL,13,Republican,1,13,5
1,1,1,0,0,0,0,0,0,0,0,1,0,1,1,1,1,1,1,0,1,0,1,1,1,1,1,1,0,0,0,1,0,0,0,0,0,1,0,0,0,0,0,0,1,1,0,1,1,1,1,1,1,1,1,1,0,1,1,1,1,1,0,1,1,1,1,1,1,1,1,1,1,1,Rep. Keith Rothfus [R],PA,37,Republican,1,12,4
0,0,0,1,1,1,1,1,1,1,1,0,1,0,1,1,0,0,0,1,0,1,0,0,0,1,0,0,1,1,1,0,1,1,1,1,1,0,1,1,1,1,1,1,0,0,1,0,0,0,0,0,1,1,0,0,1,0,1,1,0,0,1,0,0,0,0,0,0,0,0,0,0,0,Rep. Pramila Jayapal [D],WA,46,Democrat,0,7,51
1,1,1,0,0,0,0,0,0,0,0,1,0,1,1,1,1,1,1,0,1,0,1,1,1,1,1,1,0,0,0,1,0,0,0,0,0,1,0,0,0,0,0,0,1,1,0,1,1,1,1,1,1,1,1,1,0,1,1,1,1,1,0,1,1,1,1,1,1,1,1,1,1,1,Rep. Sam Johnson [R],TX,42,Republican,1,3,23
0.5,0.5,0.5,0.5,0.5,0.5,0.5,0.5,0.5,0.5,0.5,0.5,0.5,0.5,1,1,1,1,1,0,1,0,1,1,1,1,1,1,0,0,0,1,0,0,0,0,0,1,0,0,0,0,0,0,1,1,0,1,1,1,1,1,1,1,1,1,0,1,1,1,1,1,0.5,1,1,1,1,1,1,1,1,1,0.5,0.5,Rep. Chris Collins [R],NY,33,Republican,1,27,20
1,1,1,0,0,0,0,0,0,0,0,1,0,1,1,1,1,1,1,0,1,0,1,1,1,1,1,1,0,0,0,1,0,0,0,0,0,1,0,0,0,0,0,0,1,1,0,1,1,1,1,1,1,1,1,1,0,1,1,1,1,1,0,1,1,1,1,1,1,1,1,1,1,1,Rep. John Carter [R],TX,42,Republican,1,31,25
0,1,0,1,1,1,1,1,1,1,1,0,1,0,1,1,0,0,1,1,0,1,0,0,0,1,0,1,1,1,1,0,1,1,1,1,1,0,1,1,1,1,1,1,0,0,1,0,0,0,0,0,1,1,0,0,1,0,1,1,0,0,1,0,0,0,0,0,0,0,0,0,0,0,Rep. Bill Pascrell Jr. [D],NJ,30,Democrat,0,9,53
1,1,1,0,0,0,0,0,0,0,0,1,0,1,1,1,1,1,1,0,1,0,1,1,1,1,1,1,0.5,0,0,1,0,0,0,0,0,1,0,0,0,0,0,0,1,1,0,1,1,1,1,1,1,1,1,1,0,1,1,1,1,1,0,1,1,1,1,1,1,1,1,1,1,1,Rep. Bob Goodlatte [R],VA,44,Republican,1,6,50
1,1,1,0,0,0,0,0,0,0,0,1,0,1,1,1,1,1,0,0,1,0,1,1,1,1,1,1,0,0,0,1,0,0,0,0,0,1,0,0,0,0,0,0,1,1,0,1,1,1,1,1,1,1,1,1,0,1,0.5,0.5,1,1,0,1,1,1,1,1,1,1,1,1,1,1,Rep. Patrick “Pat” Tiberi [R],OH,34,Republican,1,12,4
0,0,0,1,1,1,1,1,1,1,1,0,1,0,1,1,0,0,0,0.5,0,0.5,0.5,0.5,0.5,0.5,0,0,1,1,1,0,1,1,1,1,1,0,1,1,1,1,1,1,0,0,1,0,0,0,0,0,1,1,0,0,1,0,1,1,0,0,1,0,0,0,0,0,0,0,0,0,0,0,Rep. Barbara Lee [D],CA,4,Democrat,0,13,5
0,1,0,1,1,1,1,1,1,1,1,0,1,0,1,1,0,0,1,1,0,1,1,0,0,1,0,0,1,1,1,0,1,1,1,1,1,0,1,1,1,1,1,1,0,0,1,0,0,0,0,0,1,1,0,0,1,0,1,1,0,0,1,0,0,0,0,0,0,0,0,0,0,0,Rep. Darren Soto [D],FL,8,Democrat,0,9,53
1,1,1,0,0,0,0,0,0,0,0,1,0,1,1,1,1,1,1,0,1,0,1,1,1,0,1,1,0,0,0,1,0,0,0,0,0,1,0,0,0,0,0,0,1,1,0,1,1,1,1,1,1,1,1,1,0,1,1,0,1,1,0,1,1,1,0,1,1,1,1,0,1,1,Rep. Marshall “Mark” Sanford [R],SC,39,Republican,1,1,1
0,1,0,1,1,1,1,1,1,1,1,0,1,0,1,1,0,0,1,1,0,1,1,0,0,1,0,0,1,1,1,0,1,1,1,1,1,0,1,1,1,1,1,1,0,0,1,0.5,0,0,0,0,1,1,0,0,1,0,0.5,1,0,0,1,0,0,0,0,0,0,0,0,0,0,0,Rep. Val Demings [D],FL,8,Democrat,0,10,2
1,1,1,0,0,0,0,0,0,0,0,1,0,1,1,1,1,1,1,0,1,0,1,1,1,1,1,1,0,0,0,1,0,0,0,0,0,1,0,0,0,0,0,0,1,1,0,1,1,1,1,1,1,1,1,1,0,1,1,1,1,1,0,1,1,1,1,1,1,1,1,1,1,1,Rep. Bruce Westerman [R],AR,2,Republican,1,4,34
0,1,0,1,1,1,1,1,1,1,1,0,1,0,1,1,0,0,1,1,0,1,1,0,0,1,0,1,1,1,1,0,1,1,1,1,1,0,1,1,1,1,1,1,0,0,1,0,0,0,0,0,1,1,0,0,1,0,1,1,0,0,1,0,0,0,0,0,0,0,1,0,0,0,Rep. Timothy Walz [D],MN,22,Democrat,0,1,1
0,1,0,1,1,1,1,1,1,1,1,0,1,0,1,1,0,0,1,1,0,1,1,0,0,1,0,0,1,1,1,0,1,1,1,1,1,0,1,1,1,1,1,1,0,0,1,0,0,0,0,0,1,1,0,0,1,0,1,1,0,0,1,0,0,0,0,0,0,0,0,0,0,0,Rep. Rick Larsen [D],WA,46,Democrat,0,2,12
1,1,1,0,0,0,0,0,0,0,0,1,0,1,1,1,1,1,0,0,1,0,1,1,1,1,1,1,0,0,0,1,0,0,0,0,0,1,0,0,0,0,0,0,1,1,0,1,1,1,1,1,1,1,1,1,0,1,1,1,1,1,0,1,1,1,1,1,1,1,1,1,1,1,Rep. David Rouzer [R],NC,26,Republican,1,7,51
1,1,1,0,0,0,0,0,0,0,0,1,0,1,1,1,1,1,1,0,1,0,1,1,1,1,1,1,0,0,0,1,0,0,0,0,0,1,0,0,0,0,0,0,1,1,0,1,1,1,1,1,1,1,1,1,0,1,1,1,1,1,0,1,1,1,1,1,1,1,1,1,1,1,Rep. Lou Barletta [R],PA,37,Republican,1,11,3
0,1,0,1,1,1,1,1,1,1,1,0,1,0,1,1,0,0,1,1,0,1,1,0,0,1,0,0,1,1,1,0,1,1,1,1,1,0,1,1,1,1,1,1,0,0,1,0,0,0,0,0,1,1,0,0,1,0,1,1,0,0,1,0,0,0,0,0,0,0,0,0,0,0,Rep. Donald McEachin [D],VA,44,Democrat,0,4,34
1,1,1,0,0,0,0,0,0,0,0,1,0,1,1,1,1,1,1,0,1,0,1,1,1,1,1,1,0,0,0,1,0,0,0,0,0,1,0,0,0,0,0,0,1,1,0,1,1,1,1,1,1,1,1,1,0,1,1,1,1,1,0,1,1,1,1,1,1,1,1,1,1,1,Rep. Bill Posey [R],FL,8,Republican,1,8,52
0,0,0,1,1,1,1,1,1,1,1,0,1,0,1,1,0,0,0,1,0,1,0,0.5,0.5,0.5,0,0,1,1,1,0,1,1,1,1,1,0,1,1,1,1,1,1,0,0,1,0,0,0,0,0,1,1,0,0,1,0,1,1,0,0,1,0,0,0,0,0,0,0,0,0,0,0,Rep. Bonnie Watson Coleman [D],NJ,30,Democrat,0,12,4
0,0,0,1,1,1,1,1,1,1,1,0,1,0,1,1,0,0,0,1,0,1,0,0,0,1,0,0,1,1,1,0,1,1,1,1,1,0,1,1,1,1,1,1,0,0,1,0,0,0,0,0,1,1,0,0,1,0,1,1,0,0,1,0,0,0,0,0,0,0,0,0,0,0,Rep. Mark DeSaulnier [D],CA,4,Democrat,0,11,3
1,1,1,0,0,0,0,0,0,0,0,1,0,1,1,1,1,1,1,0,1,0,1,1,1,1,1,1,0,0,0,1,0,0,0,0,0,1,0,0,0,0,0,0,1,1,0,1,1,1,1,1,1,1,1,1,0,1,1,1,1,1,0,1,1,1,1,1,1,1,1,1,1,1,Rep. Roger Marshall [R],KS,15,Republican,1,1,1
0,0,0,1,1,1,1,1,1,1,1,0,1,0,1,1,0,0,1,1,0,1,0,0,0,1,0,1,1,1,1,0,1,1,1,1,1,0.5,1,1,1,1,1,1,0,0,1,0,0,0,0,0,1,1,0,0,0.5,0.5,1,1,0,0,1,0,0,0,0,0,0,0,0,0,0,0,Rep. Tulsi Gabbard [D],HI,10,Democrat,0,2,12
1,1,1,0,0,0,0,0,0,0,0,1,0,1,1,1,1,1,0,0,1,0,1,1,1,1,1,1,0,0,0,1,0,0,0,0,0,1,0,0,0,0,0,0,1,1,0,1,1,1,1,1,1,1,1,1,0,1,1,1,1,1,0,1,1,1,1,1,1,1,1,0,1,1,Rep. Ryan Costello [R],PA,37,Republican,1,6,50
1,1,1,0,0,0,0,0,0,0,0,1,0,1,1,1,1,1,1,0,1,0,1,1,1,1,1,0,0,0,0,1,0,0,0,0,0,1,0,0,0,0,0,0,1,1,0,1,1,1,1,1,1,1,1,1,0,1,1,1,1,1,0,1,1,1,1,1,1,1,1,1,1,1,Rep. Mark Meadows [R],NC,26,Republican,1,11,3
0,1,0,1,1,1,1,1,1,1,1,0,1,0,1,1,0,0,1,1,0,0,1,0,0,1,0,0,1,1,1,0,1,1,1,1,1,0,1,1,1,1,1,1,0,0,1,0,0,0,0,0,1,1,0,0,1,0,1,1,0,0,1,0,0,0,0,0,0,0,0,0,0,0,Rep. Jimmy Panetta [D],CA,4,Democrat,0,20,13
0,0,0,1,1,1,1,1,1,1,1,0,1,0,1,1,0,0,1,1,0,1,1,0,0,1,0,0,1,1,1,0,1,1,1,1,1,0,1,1,1,1,1,1,0,0,1,0,0,0,0,0,1,1,0,0,1,0,1,1,0,0,1,0,0,0,0,0,0,0,0,0,0,0,Rep. Niki Tsongas [D],MA,18,Democrat,0,3,23
1,1,1,0,0,0.5,0,0,0,0,0,1,0,1,1,1,1,1,1,0,1,0,1,1,1,1,1,1,0,0,0,1,0,0,0,0,0,1,0,0,0,0,0,0,1,1,0,1,1,1,1,1,1,1,1,1,0,1,1,1,1,1,0,1,1,1,1,1,1,1,1,1,1,1,Rep. Gary Palmer [R],AL,1,Republican,1,6,50
1,1,1,0,0,0,0,0,0,0,0,1,0,1,1,1,1,1,1,0,1,0,1,1,1,1,1,1,0,0,0,1,0,0,0,0,0,1,0,0,0,0,0,0,1,1,0,1,1,1,1,1,1,1,1,1,0,1,0.5,0.5,1,1,0,1,1,1,1,1,1,1,1,1,1,1,Rep. Bill Huizenga [R],MI,21,Republican,1,2,12
0,1,0.5,1,1,1,1,1,1,1,1,0,1,0,1,1,0,0,0,1,0,1,1,0,0,1,0,1,1,1,1,0,1,1,1,1,1,0,1,1,1,1,1,1,1,0,1,1,0.5,0.5,0,0,1,1,0,0,1,0,1,1,0,0,1,0,0,0,0,0,0,0,0,0,0,0,Rep. Thomas Suozzi [D],NY,33,Democrat,0,3,23
0,0,0,1,1,1,1,1,1,1,1,0,1,0,1,1,0,0,1,1,0,1,1,0,0,1,0,0,1,1,1,0,1,1,1,1,1,0,1,1,1,1,1,1,0,0,1,0,0,0,0,0,1,1,0,0,1,0,1,1,0,0,1,0,0,0,0,0,0,0,0,0,0,0,Rep. Salud Carbajal [D],CA,4,Democrat,0,24,17
1,1,1,0,0,0,0,0,0,0,0,1,0,1,1,1,1,1,1,0,1,0,1,1,1,1,1,1,0,0,0,1,0,0,0,0,0,1,0,0,0,0,0,0,1,1,0,1,1,1,1,1,1,1,1,1,0,1,1,1,1,1,0,1,1,1,1,1,1,1,1,1,1,1,Rep. Ken Calvert [R],CA,4,Republican,1,42,37
1,1,1,0,0,0,0,0,0,0,0,1,0,1,1,1,1,1,1,0,1,0,1,1,1,0,1,1,0,0,0,1,0,0,0,0,0,1,0,0,0,0,0,0,1,1,0,1,1,1,0,1,0,1,1,1,0,1,1,1,1,1,0,1,1,1,1,1,1,1,1,0.5,1,1,Rep. Raúl Labrador [R],ID,12,Republican,1,1,1
1,1,1,0,0,0,0,0,0,0,0,1,0,1,1,1,1,1,1,0,1,0,1,1,1,1,1,1,0,0,0,1,0,0,0,0,0,1,0,0,0,0,0,0,1,1,0,1,1,1,1,1,1,1,1,1,0,1,1,1,1,1,0,1,1,1,1,1,1,1,1,1,1,1,Rep. Patrick McHenry [R],NC,26,Republican,1,10,2
0,0,0,1,0,1,1,1,1,1,1,0,1,0,1,1,0,0,1,1,0,1,0,0,0,1,0,0,1,1,1,0,1,1,1,1,1,0,1,1,1,1,1,1,0,0,1,0,0,0,0,0,1,1,0,0,1,0,0.5,0.5,0,0,1,0,0,0,0,0,0,0,0,0,0,0,Rep. Keith Ellison [D],MN,22,Democrat,0,5,45
0,1,0,1,1,1,1,1,1,1,1,0,1,0,1,1,0,0,1,1,0,1,0,0,0,1,0,0,1,1,1,0,1,1,1,1,1,0,1,1,1,1,1,1,0,0,1,0,0,0,0,0,1,1,0,0,1,0,1,1,0,0,1,0,0,0,0,0,0,0,0,0,0,0,Rep. Adam Smith [D],WA,46,Democrat,0,9,53
0,0,0,1,1,1,1,1,1,1,1,0,1,0,1,1,0,0,0,1,0,1,0,0.5,0.5,0.5,0,0,1,1,1,0,1,1,1,1,1,0,1,1,1,1,1,1,0,0,1,0,0,0,0.5,0,0.5,1,0,0,1,0,1,1,0,0,1,0,0,0,0,0,0,0,0,0,0,0,Rep. James “Jim” Clyburn [D],SC,39,Democrat,0,6,50
1,1,1,0,0,0,0,0,0,0,0,1,0,1,1,1,1,1,0,0,1,0,1,1,1,1,1,1,0,0,0,1,0,0,0,0,0,1,0,0,0,0,0,0,1,1,0,1,1,1,1,1,1,1,1,1,0,1,1,1,1,1,0,1,1,1,1,1,1,1,1,1,1,1,Rep. Stevan “Steve” Pearce [R],NM,31,Republican,1,2,12
1,1,1,0,0,0,0,0,0,0,0,1,0,1,1,1,1,1,0,0,1,0,1,1,1,1,1,1,0,0,0,1,0,0,0,0,0,1,0,0,0,0,0,0,1,1,0,1,1,1,1,1,1,1,1,1,0,1,1,1,1,1,0,1,1,1,1,1,1,1,1,1,1,1,Rep. Michael Turner [R],OH,34,Republican,1,10,2
1,1,1,0,0,0,0,0,0,0,0,1,0,1,1,1,1,1,1,0,1,0,1,1,1,1,1,1,0,0,0,1,0,0,0,0,0,1,0,0,0,0,0,0,1,1,0,1,1,1,1,1,1,1,1,1,0,1,1,1,1,1,0,1,1,1,1,1,1,1,1,1,1,1,Rep. James Sensenbrenner Jr. [R],WI,47,Republican,1,5,45
1,1,1,0,0,0,0,0,0,0,0,1,0,1,1,1,1,1,1,0,1,0,1,1,1,1,1,1,0,0,0,1,0,0,0,0,0,1,0,0,0,0,0,0,1,1,0,1,1,1,1,1,1,1,1,1,0,1,1,1,1,1,0,1,1,1,1,1,1,1,1,1,1,1,Rep. Mike Kelly [R],PA,37,Republican,1,3,23
0,0,0,1,1,1,1,1,1,1,1,0,1,0,1,1,0,0,1,1,0,1,0,0,0,1,0,0,1,1,1,0,1,1,1,1,1,0,1,1,1,1,1,1,0,0,1,0,0,0,0,0,0.5,0.5,0,0,1,0,0.5,0.5,0,0,1,0,0,0,0,0,0,0,0,0,0,0,Rep. Mark Pocan [D],WI,47,Democrat,0,2,12
1,1,1,0,0,0,0,0,0,0,0,1,0,1,1,1,1,1,0,0,1,0,1,1,1,1,1,1,0,0,0,1,0,0,0,0,0,1,0,0,0,0,0,0,1,1,0,1,1,1,1,1,1,1,1,1,0,1,1,1,1,1,0,1,1,1,1,1,1,1,1,1,1,1,Rep. Matt Gaetz [R],FL,8,Republican,1,1,1
1,1,1,0,0,0,0,0,0,0,0,1,0,1,0.5,0.5,1,1,1,0,1,0,1,1,1,1,1,1,0,0,0,1,0,0,0,0,0,1,0,0,0,0,0,0,1,1,0,1,1,1,1,1,1,1,1,1,0,1,1,1,1,1,0,1,1,1,1,1,1,1,1,1,1,1,Rep. Michael “Mike” Simpson [R],ID,12,Republican,1,2,12
0,1,0,1,1,1,1,1,1,1,1,0,1,0,1,1,0,0,0,1,0,1,1,0,0,1,0,0,1,1,1,0,1,1,1,1,1,0,1,1,1,1,1,1,1,0,1,1,0,0,0,0,1,1,0,0,1,0,1,1,0,0,1,0,0,0,0,0,0,0,0,0,1,0,Rep. Josh Gottheimer [D],NJ,30,Democrat,0,5,45
1,1,1,0,0,0,0,0,1,0,0,0,0,1,1,1,1,1,1,0,1,0,1,1,1,1,1,1,0,0,0,1,0,0,0,0,0,1,0,0,0,0,0,0,1,1,0,1,1,1,1,1,1,1,1,1,0,1,1,1,1,1,0,1,1,0,0,1,1,1,1,1,1,1,Rep. Christopher “Chris” Smith [R],NJ,30,Republican,1,4,34
0,0,0,1,1,1,1,1,1,1,1,0,1,0,1,1,0,0,1,1,0,1,1,0,0,1,0,0,1,1,1,0,1,1,1,1,1,0,1,1,1,1,1,1,0,0,1,0,0,0,0,0,1,1,0,0,1,0,1,1,0,0,1,0,0,0,0,0,0,0,0,0,0,0,Rep. Jerry McNerney [D],CA,4,Democrat,0,9,53
1,1,1,0,0,0,0,0,0,0,0,1,0,1,1,1,1,1,1,0,1,0,1,1,1,1,1,1,0,0,0,1,0,0,0,0,0,1,0,0,0,0,0,0,1,1,0,1,1,1,1,1,1,1,1,1,0,1,1,1,1,1,0,1,1,1,1,1,1,1,1,1,1,1,Rep. Francis Rooney [R],FL,8,Republican,1,19,11
1,1,1,0,0,0,0,0,0,0,0,1,0,1,1,1,1,1,1,0,1,0,1,1,1,0,1,1,0,0,0,1,0,0,0,0,0,1,0,0,0,0,0,0,1,1,0,1,1,1,1,1,1,1,1,1,0,1,1,1,1,1,0,1,1,1,1,1,1,1,1,1,1,1,Rep. Ted Budd [R],NC,26,Republican,1,13,5
0,0,0,1,1,1,1,1,1,1,1,0,1,0,1,1,0,0,0,1,0,1,1,0,0,1,0,0,1,1,1,0,1,1,1,1,1,0,1,1,1,1,1,1,0,0,1,0,0,0,0,0,0.5,1,0,0,1,0,1,1,0,0,1,0,0,0,0,0,0,0,0,0,0,0,Rep. John Larson [D],CT,6,Democrat,0,1,1
0,1,0,1,1,1,1,1,1,1,1,0,1,0,0.5,0.5,0,0,0,1,0,1,1,0,0,1,0,0,1,1,1,0,1,1,1,1,1,0,1,1,1,1,1,1,0,0,1,0,0,0,0,0,1,1,0,0,1,0,1,1,0,0,1,0,0,0,0,0,0,0,0,0,0,0,Rep. Brendan Boyle [D],PA,37,Democrat,0,13,5
1,1,1,0,0,0,0,0,0,0,0,1,0,1,1,1,1,1,1,0,1,0,1,1,1,1,1,1,0,0,0,1,0,0,0,0,0,1,0,0,0,0,0,0,1,1,0,1,1,1,1,1,1,1,1,1,0,1,1,1,1,1,0,1,1,1,1,1,1,1,1,1,1,1,Rep. Kay Granger [R],TX,42,Republican,1,12,4
0,1,0,1,1,1,1,1,1,1,1,0,1,0,1,1,0,0,1,1,0,1,1,0,0,1,0,0,1,1,1,0,1,1,1,1,1,0,1,1,1,1,1,1,0,0,1,0,0,0,0,0,1,1,0,0,1,0,1,1,0,0,1,0,0,0,0,0,0,0,0,0,0,0,Rep. Hakeem Jeffries [D],NY,33,Democrat,0,8,52
1,1,1,0,0,0,0,0,0,0,0,1,0,1,1,1,1,1,1,0,1,0,1,1,1,1,1,1,0,0,0,1,0,0,0,0,0,1,0,0,0,0,0,0,1,1,0,1,1,1,1,1,1,1,1,1,0,1,1,1,1,1,0,1,1,1,1,1,1,1,1,1,1,1,Rep. Ted Yoho [R],FL,8,Republican,1,3,23
0,1,0,1,1,1,1,1,1,1,1,0,1,0,1,1,0,0,0,1,0,1,0,0,0,1,0,0,1,1,1,0,1,1,1,1,1,0,1,1,1,1,1,1,0,0,1,0,0,0,0,0,1,1,0,0,1,0,1,1,0,0,1,0,0,0,0,0.5,0,0,0,0,0,0,Rep. Robert Brady [D],PA,37,Democrat,0,1,1
1,1,1,0,0,0,0,0,0,0,0,1,0,1,1,1,1,1,1,0,1,0,1,1,1,1,1,1,0,0,0,1,0,0,0,0,0,1,0,0,0,0,0,0,1,1,0,1,1,1,1,1,1,1,1,1,0,1,1,1,1,1,0,1,1,1,1,1,1,1,1,1,1,1,Rep. Jim Banks [R],IN,14,Republican,1,3,23
1,1,1,0,0,0,0,0,0,0,0,1,0,1,1,1,1,1,1,0,1,0,1,1,1,1,1,1,0,0,0,1,0,0,0,0,0,1,0,0,0,0,0,0,1,1,0,1,1,1,1,1,1,1,1,1,0,1,1,1,1,1,0,1,1,1,1,1,1,1,1,1,1,1,Rep. Jim Bridenstine [R],OK,35,Republican,1,1,1
0,1,0,1,1,1,1,1,1,1,1,0,1,0,1,1,0,0,1,1,0,1,1,0,0,1,0,1,1,1,1,0,1,1,1,1,1,0,1,1,1,1,1,1,0,0,1,0,0,0,0,0,1,1,0,1,1,1,1,1,0,0,1,0,0,0,0,0,0,0,0,0,0,0,Rep. Daniel Lipinski [D],IL,13,Democrat,0,3,23
0,0,0,1,1,1,1,1,1,1,1,0,1,0,1,1,0,0,1,1,0,1,0,0,0,1,0,0,1,1,1,0,1,1,1,1,1,0.5,1,1,1,1,1,1,0,0,1,0,0,0,0,0,1,1,0,0,1,0,1,1,0,0,1,0,0,0,0,0,0,0,0,0,0,0,Rep. Rosa DeLauro [D],CT,6,Democrat,0,3,23
0,1,0,1,1,1,1,1,1,1,1,0,1,0,1,1,0,0,1,1,0,1,1,0,0,1,0,0,1,1,1,0,1,1,1,1,1,0,1,1,1,1,1,1,0,0,1,0,0,0,0,0,1,1,0,0,1,0,0.5,1,0,0,1,0,0,0,0,0,0,0,0,0,0,0,Rep. Susan Davis [D],CA,4,Democrat,0,53,49
0,1,0,1,1,1,1,1,1,1,1,0,1,0,1,1,0,0,0,1,0,1,1,0,0,1,0,0,1,1,1,0,1,1,1,1,1,0,1,1,1,1,1,1,0,0,1,0,0,0,0,0,1,1,0,0,1,0,1,1,0,0,1,0,0,0,0,0,0,0,0,0.5,0,0,Rep. Kathy Castor [D],FL,8,Democrat,0,14,6
1,1,1,0,0,0,0,0,0,0,0,1,0,1,1,1,1,1,1,0,1,0,1,1,1,1,1,1,0,0,0,1,0,0,0,0,0,1,0,0,0,0,0,0,1,1,0,1,1,1,1,1,1,1,1,1,0,1,1,0,1,1,0,1,1,1,1,1,1,1,1,1,1,1,Rep. Don Bacon [R],NE,28,Republican,1,2,12
1,1,1,0,0,0,0,0,0,0,0,1,0,1,1,1,1,1,1,0,1,0,1,1,1,1,1,1,0,0,0,1,0,0,0,0,0,1,0,0,0,0,0,0,1,1,0,1,1,1,1,1,1,1,1,1,0,1,1,1,1,1,0,1,1,1,1,1,1,1,1,1,1,1,Rep. Neal Dunn [R],FL,8,Republican,1,2,12
1,1,1,0,0,0,0,0,0,0,0,1,0,1,1,1,1,1,1,0,1,0,1,0.5,1,1,1,1,0,0,0,1,0,0,0,0,0,1,0,0,0,0,0,0,1,1,0,1,1,1,1,1,1,1,1,1,0,1,1,1,1,1,0,1,1,1,1,1,1,1,1,1,1,1,Rep. Markwayne Mullin [R],OK,35,Republican,1,2,12
0,1,0,1,1,1,1,1,1,1,1,0,1,0,1,1,0,0,1,1,0,1,1,0,0,1,0,1,1,1,1,0,1,1,1,1,1,0,1,1,1,1,1,1,0,0,1,0,0,0,0,0,1,1,0,0,1,0,1,1,0,0,1,0,0,0,0,0,0,0,0,0,0,0,Rep. A. Dutch Ruppersberger [D],MD,19,Democrat,0,2,12
1,1,1,0,0,0,0,0,0,0,0,1,0,1,1,1,1,1,1,0,1,0,1,1,1,1,1,1,0,0,0,1,0,0,0,0,0,1,0,0,0,0,0,0,1,1,0,1,1,1,1,1,1,1,1,1,0,1,1,1,1,1,0,1,1,1,1,1,1,1,1,1,1,1,Rep. Ralph Abraham [R],LA,17,Republican,1,5,45
1,1,1,0,0,0,0,0,0,0,0,1,0,1,1,1,1,1,1,0,1,0,1,1,1,1,1,1,0,0,0,1,0,0,0,0,0,1,0,0,0,0,0,0,1,1,0,1,1,1,1,1,1,1,1,1,0,1,1,1,1,1,0,1,1,1,1,1,1,1,1,1,1,1,Rep. Claudia Tenney [R],NY,33,Republican,1,22,15
1,1,1,0,0,0,0,0,0,0,0,1,0,1,1,1,1,1,1,0,1,0,1,1,1,1,1,1,0,0,0,1,0,0,0,0,0,1,0,0,0,0,0,0,1,1,0,1,1,1,1,1,1,1,1,1,0,1,1,1,1,1,0,1,1,1,1,1,1,1,1,1,1,1,Rep. Dan Newhouse [R],WA,46,Republican,1,4,34
1,1,1,0,0,0,0,0,0,0,0,1,0,1,1,1,1,1,1,0,1,0,1,1,1,1,1,1,0,0,0,1,0,0,0,0,0,1,0,0,0,0,0,0,1,1,0,1,1,1,1,1,1,1,1,1,0,1,1,1,1,1,0,1,1,1,1,1,1,1,1,1,1,1,Rep. James Comer [R],KY,16,Republican,1,1,1
0,1,0,1,1,1,1,1,1,1,1,0,1,0,1,1,0,0,1,1,0,0,1,0,0,1,0,0,1,1,1,0,1,1,1,1,1,0,1,1,1,1,1,1,0,0,1,0,0,0,0,0,1,1,0,0,1,0,0.5,1,0,0,1,0,0,0,0,0,0,0,0,0,0,0.5,Rep. Al Lawson [D],FL,8,Democrat,0,5,45
1,1,1,0.5,0,0,0,0,0,0,0,1,0,1,1,0.5,1,1,1,0,1,0,1,1,1,1,1,1,0,0,0,1,0,0,0,0,0,1,0,0,0,0,0,0,1,1,0,1,1,1,1,1,1,0.5,1,1,0,1,1,0.5,1,1,0,1,1,1,0.5,1,1,1,1,1,1,1,Rep. Luke Messer [R],IN,14,Republican,1,6,50
0,1,0,1,1,1,1,1,1,1,1,0,1,0,1,1,0,0,0,1,0,1,1,0,0,1,0,0,1,1,1,0,1,1,1,1,1,0,1,1,1,1,1,1,0,0,1,0,0,0,0,0,1,1,0,0,1,0.5,1,1,0,0,1,0,0,0,0,0,0,0,0,0,0,0,Rep. Ted Lieu [D],CA,4,Democrat,0,33,27
1,1,1,0,0,0,0,0,0,0,0,1,0,1,1,1,1,1,0,0,1,0,1,1,1,0,1,1,0,0,0,1,0,0,0,0,0,1,0,0,0,0,0,0,1,1,0,1,1,1,1,1,1,1,1,1,0,1,1,1,1,1,0,1,1,1,1,1,1,1,1,0.5,1,1,Rep. Paul Gosar [R],AZ,3,Republican,1,4,34
0,0,0,1,1,1,1,1,1,1,1,0,1,0,1,1,0,0,1,1,0,1,1,0,0,1,0,0,1,1,1,0,1,1,1,1,1,0,1,1,1,1,1,1,0,0,1,0,0,0,0,0,1,1,0,0,1,0,1,1,0,0,1,0,0,0,0,0,0,0,0.5,0,0,0,Rep. Chellie Pingree [D],ME,20,Democrat,0,1,1
1,1,1,0,0,0,0,0,0,0,0,1,0,1,1,1,1,1,1,0,1,0,1,1,1,1,1,1,0,0,0,1,0,0,0,0,0,1,0,0,0,0,0,0,1,1,0,1,1,1,1,1,1,1,1,1,0,1,1,1,1,1,0,1,1,1,1,1,1,1,1,1,1,1,Rep. Tom Marino [R],PA,37,Republican,1,10,2
1,1,1,0,0,0,0,0,0,0,0,1,0,1,1,1,1,1,0,0,1,0,1,1,1,1,1,0,0,0,0,1,0,0,0,0,0,1,0,0,0,0,0,0,1,1,0,1,1,1,1,1,1,1,1,1,0,1,1,1,1,1,0,1,1,1,1,1,1,1,1,1,1,1,Rep. Tom Graves [R],GA,9,Republican,1,14,6
0,1,0,1,1,1,1,1,1,1,1,0,1,0,1,1,0,0,0,0,0,1,1,0,0,1,0,0,1,1,1,0,1,1,1,1,1,0,1,1,1,1,1,1,1,0,1,0,0,0,0,0,1,1,0,0,1,0,1,1,0,0,1,0,0,0,0,0,0,0,0,0,0,0,Rep. Tony Cárdenas [D],CA,4,Democrat,0,29,22
1,1,1,0,0,0,0,0,0,0,0,1,0,1,1,1,1,1,1,0,1,0,1,1,1,1,1,1,0,0,0,1,0,0,0,0,0,1,0,0,0,0,0,0,1,1,0,1,1,1,1,1,1,1,1,1,0,1,1,1,1,1,0,1,1,1,1,1,1,1,1,1,1,1,Rep. Susan Brooks [R],IN,14,Republican,1,5,45
1,1,1,0,0,0,0,0,0,0,0,1,0,1,1,1,1,1,0,0,1,0,1,1,1,1,1,1,0,0,0,1,0,0,0,0,0,1,0,0,0,0,0,0,1,1,0,1,1,1,1,1,1,1,1,1,0,1,1,1,1,1,0,1,1,1,1,1,1,1,1,1,1,1,Rep. Martha McSally [R],AZ,3,Republican,1,2,12
0,0,0,1,1,1,1,1,1,1,1,0,1,0,0.5,1,0,0,0,1,0,1,0,0.5,0.5,0.5,0,0,1,1,1,0,1,1,1,1,1,0,1,1,1,1,1,1,0,0,1,0,0.5,0,0,0,1,1,0,0,1,0,1,1,0,0,1,0,0,0,0,0.5,0,0,0,0,0,0,Rep. Gwen Moore [D],WI,47,Democrat,0,4,34
0,1,0,1,1,1,1,1,1,1,1,0,1,0,1,1,0,0,0,1,0,1,0,0,0,1,0,1,1,1,1,0,1,1,1,1,1,0,0.5,1,1,1,1,1,0,0,1,0,0,0,0,0,1,1,0,0,1,0,1,1,0,0,1,0,0,0,0,0,0,0,0,0,0,0,Rep. Richard Neal [D],MA,18,Democrat,0,1,1
1,1,1,0,0,0,0,0,0,0,0,1,0,1,1,1,1,1,1,0,1,0,1,1,1,1,1,1,0,0,0,1,0,0,0,0,0,1,0,0,0,0,0,0,1,1,0,1,1,1,1,1,1,1,1,1,0,1,1,1,1,1,0,1,1,1,1,1,1,1,1,1,1,1,Rep. Andy Biggs [R],AZ,3,Republican,1,5,45
0,1,0,1,1,1,1,1,1,1,1,0,1,0,1,1,0,0,0,0,0.5,0,1,0,0,1,0,0,1,1,1,0,1,1,1,1,1,0,1,1,1,1,1,1,0,0,1,0,0,0,0,0,1,1,0,0,1,0,1,1,0,0,1,0,0,0,0,0,0,0,0,0,0,0,Rep. Kathleen Rice [D],NY,33,Democrat,0,4,34
0,0,0,1,1,1,1,1,1,1,1,0,1,0,1,1,0,0,1,1,0,1,0,0,0,1,0,1,1,1,1,0,1,1,1,1,1,0,1,1,1,1,1,1,0,1,1,0,0.5,0.5,0,0,1,1,0,0.5,1,0,1,1,0,0,1,0,0,0,0,0,0,0,0,0,0,0,Rep. Jared Huffman [D],CA,4,Democrat,0,2,12
1,1,1,0,0,0,0,0,0,0,0,1,0,1,1,1,1,1,1,0,1,0,1,1,1,1,1,1,0,0,0,1,0,0,0,0,0,1,0,0,0,0,0,0,1,1,0,1,1,1,1,1,1,1,1,1,0,1,1,1,1,1,0,1,0.5,1,1,1,1,1,1,1,1,1,Rep. Vicky Hartzler [R],MO,23,Republican,1,4,34
1,1,1,0,0,0,0,0,0,0,0,1,0,1,1,1,1,1,1,0,1,0,1,1,1,1,1,1,0,0,0,1,0,0,0,0,0,1,0,0,0,0,0,0,1,1,0,1,1,1,1,1,1,1,1,1,0,1,1,1,1,1,0,1,1,1,1,1,1,1,1,1,1,1,Rep. Drew Ferguson IV [R],GA,9,Republican,1,3,23
0.5,1,1,0,0,0,0,0,0,0,0,1,0,1,1,0.5,1,1,0.5,0,1,0,1,1,1,1,1,1,0,0,0,1,0,0,0,0,0,0.5,0,0,0,0,0,0,1,1,0,1,1,1,1,1,1,1,1,1,0,1,1,1,1,1,0,1,1,1,1,1,1,1,1,1,1,1,Rep. Tom Rice [R],SC,39,Republican,1,7,51
1,1,1,0,0,0,0,0,0,0,0,1,0,1,1,1,1,1,1,0,1,0,1,1,1,1,1,1,0,0,0,1,0,0,0,0,0,1,0,0,0,0,0,0,1,1,0,1,1,1,1,1,1,1,1,1,0,1,1,1,1,1,0,1,1,1,1,1,1,1,1,1,1,1,Rep. Rob Bishop [R],UT,43,Republican,1,1,1
1,1,1,0,0,0,0,0.5,0,0,0,1,0,1,1,1,1,1,1,0,1,0,1,1,1,1,1,1,0,0,0,1,0,0,0,0,0,1,0,0,0,0,0,0,1,1,0,1,1,1,1,1,1,1,1,1,0,1,1,1,1,1,0,1,1,1,1,1,1,1,1,1,1,1,Rep. Eric “Rick” Crawford [R],AR,2,Republican,1,1,1
1,1,1,0,0,0,0,0,0,0,0,1,0,1,1,1,1,1,1,0,1,0,1,1,1,1,1,1,0,0,0,1,0,0,0,0,0,1,0,0,0,0,0,0,1,1,0,1,1,1,1,1,1,1,1,1,0,1,1,1,1,1,0,1,1,1,1,1,1,1,1,1,1,1,Rep. David Young [R],IA,11,Republican,1,3,23
0,0,0.5,1,1,0.5,1,1,1,1,1,0,1,0,0.5,0.5,0,0.5,0,1,0.5,0.5,0,0.5,0,1,0,0,1,1,1,0,1,1,1,1,1,0,1,1,1,1,1,1,0,0,0.5,0,0,0,0,0,0.5,0.5,0,0,1,0,0.5,0.5,0,0,1,0,0,0,0,0,0,0,0,0,0,0,Rep. Luis Gutiérrez [D],IL,13,Democrat,0,4,34
0,1,0,1,1,1,1,1,1,1,1,0,1,0,1,1,0,0,1,1,0,1,1,0,0,1,0,1,1,1,1,0,1,1,1,1,1,0,1,1,1,1,1,1,0,0,1,0,0,0,0,0,0.5,1,0,0,1,0,1,1,0.5,0,1,0,0,0,0,0,0,0,0,0.5,0,0,Rep. Eliot Engel [D],NY,33,Democrat,0,16,8
0,1,0,1,1,1,1,1,1,1,1,0,1,0,0.5,0.5,0,0,0,1,0,1,0,0,0,1,0,0,1,1,1,0,1,1,1,1,1,0,1,1,1,1,1,1,0,0,1,0,0,0,0,0,1,1,0,0,1,0,1,1,0,0,1,0,0,0,0,0,0,0,0,0,0,0,Rep. Peter Visclosky [D],IN,14,Democrat,0,1,1
0,1,0,1,1,1,1,1,1,1,1,0,1,0,1,1,0,0,1,1,0,1,0,0,0,1,0,0,1,1,1,0,1,1,1,1,1,0,1,1,1,1,1,1,0,0,1,0,0,0,0,0,1,1,0,0,1,0,1,1,0,0,1,0,0,0,0,0,0,0,0,0,0,0,Rep. Elijah Cummings [D],MD,19,Democrat,0,7,51
0,0,0,1,1,1,1,1,1,1,1,0,1,0,1,1,0,0,1,1,0,1,1,0,0,1,0,0,1,1,1,0,1,1,1,0.5,1,0,1,1,1,1,1,1,0,0,1,0,0,0,0,0,1,1,0,0,1,0,1,1,0,0,1,0,0,0,0,0,0,0,0,0,0,0,Rep. Diana DeGette [D],CO,5,Democrat,0,1,1
1,1,1,0,0,0,0,0,0,0,0,1,0,1,1,1,1,1,1,0,1,0,1,1,1,1,1,1,0,0,0,1,0,0,0,0,0,1,0,0,0,0,0,0,1,1,0,1,1,1,1,1,1,1,1,1,0,1,1,1,1,1,0,1,1,1,1,1,1,1,1,1,1,1,Rep. Pete Olson [R],TX,42,Republican,1,22,15
0,1,0,1,1,1,1,1,1,1,1,0,1,0,1,1,0,0,1,0,0,0,1,0,0,1,0,0,1,1,1,0,1,1,1,1,1,0,1,1,1,1,1,1,0,0,1,0,0,0,0,0,1,1,0,0,1,0,1,1,0,0,1,0,0,0,0,0,0,0,0,0,0,0,Rep. Seth Moulton [D],MA,18,Democrat,0,6,50
1,1,1,0,0,0,0,0,0,0,0,1,0,1,1,1,1,1,1,0,1,0,1,1,1,1,1,1,0,0,0,1,0,0,0,0,0,1,0,0,0,0,0,0,1,1,0,1,1,1,1,1,1,1,1,1,0,1,1,1,1,1,0,1,1,1,1,1,1,1,1,1,1,1,Rep. Liz Cheney [R],WY,49,Republican,1,0,0
1,1,1,0,0,0,0,0,0,0,0,1,0,1,1,1,1,1,0,0,1,0,1,1,1,1,1,1,0.5,0,0,1,0,0,0,0,0,1,0,0,0,0,0,0,1,1,0,1,1,1,1,1,1,1,1,1,0,1,1,1,1,1,0,1,1,1,1,1,1,1,1,1,1,1,Rep. Steve Stivers [R],OH,34,Republican,1,15,7
0,1,0,1,1,1,1,1,1,1,1,0,1,0,1,1,0,0,0,1,0,1,1,0,0,1,0,0,1,1,1,0,1,1,1,1,1,0,1,1,1,1,1,1,0,0,1,0,0,0,0,0,1,1,0,0,1,0,1,1,0,0,1,0,0,0,0,0,0,0,0,0,0,0,Rep. Sean Maloney [D],NY,33,Democrat,0,18,10
1,1,1,0,0,0,0,0,0,0,0,1,0,1,1,1,1,1,1,0,1,0,1,1,1,1,1,1,0,0,0,1,0,0,0,0,0,1,0,0,0,0,0,0,1,1,0,1,1,1,1,1,1,1,1,1,0,1,1,1,1,1,0,1,1,1,1,1,1,1,1,1,1,1,Rep. Gus Bilirakis [R],FL,8,Republican,1,12,4
0,1,0,1,1,1,1,1,1,1,1,0,1,0,1,1,0,0,1,1,0,1,1,0,0,1,0,0,1,1,1,0,1,1,1,1,1,0,1,1,1,1,1,1,0,0,1,0,0,0,0,0,1,1,0,0,1,0,1,1,0,0,1,0,0,0,0,0,0,0,0,0,0,0,Rep. Doris Matsui [D],CA,4,Democrat,0,6,50
0,1,0,1,1,1,1,1,1,1,1,0,1,0,1,1,0,0,1,0,0,0,1,0,0,1,0,0,1,1,1,0,1,1,1,1,1,0,1,1,1,1,1,1,0,0,1,0,0,0,0,0,1,1,0,0,1,0,1,1,0,0,1,0,0,0,0,0,0,0,0,0,0,0,Rep. Jared Polis [D],CO,5,Democrat,0,2,12
0,0.5,0,1,1,1,1,1,1,1,1,0,1,0,1,1,0,0,0,1,0,1,1,0,0,1,0,0,1,1,1,0,1,1,1,1,1,0,1,1,1,1,1,1,0,0,1,0,0.5,0,0,0,1,1,0,0,1,0,1,1,0,0,1,0,0,0,0,0,0,0,0,0,0,0,Rep. Charlie Crist [D],FL,8,Democrat,0,13,5
1,1,1,0,0,0,0,0,0,0,0,1,0,1,1,1,1,1,1,0,1,0,1,1,1,1,1,1,0,0,0,1,0,0,0,0,0,1,0,0,0,0,0,0,1,1,0,1,1,1,1,1,1,1,1,1,0,1,1,1,1,1,0,1,1,1,1,1,1,1,1,1,1,1,Rep. Trey Hollingsworth [R],IN,14,Republican,1,9,53
0.5,1,0,1,1,1,1,1,1,1,1,0,1,0,1,1,0.5,0,0,1,0,1,0,0.5,0.5,0.5,0,0,1,1,1,0,1,1,1,1,1,0,1,1,1,1,1,1,0,0,1,0,0,0,0,0,0.5,0.5,0,0,1,0,1,1,0,0,0.5,0,0,0,0,0,0,0,0,0,0,0,Rep. Cedric Richmond [D],LA,17,Democrat,0,2,12
0,0,0,1,1,1,1,1,1,1,1,0,1,0,1,1,1,0,1,1,0,1,0,0,0,1,0,1,1,1,1,0,1,1,1,1,1,0,1,1,1,1,1,1,0,0,1,0,0,0,0,0,0.5,0.5,0,0,1,0,1,1,0,0,1,0,0,0,0,0,0,0,0,0,0,0,Rep. Marcy Kaptur [D],OH,34,Democrat,0,9,53
1,1,1,0,0,0,0,0,0,0,0,1,0,1,1,1,0.5,1,1,0,1,0,1,1,1,1,1,1,0,0,0,1,0,0,0,0,0,1,0,0,0,0,0,0,1,1,0,1,1,1,1,1,1,1,1,1,0,1,1,1,0.5,1,0,0.5,0.5,1,1,1,0.5,1,1,1,1,1,Rep. Lamar Smith [R],TX,42,Republican,1,21,14
1,1,1,0,0,0,0,0,0,0,0,1,0,1,1,1,1,1,1,0,1,0,1,1,1,1,1,1,0,0,0,1,0,0,0,0,0,1,0,0,0,0,0,0,1,1,0,1,1,1,1,1,1,1,1,1,0,1,1,1,1,1,0,1,1,0,1,1,1,1,1,1,1,1,Rep. Edward “Ed” Royce [R],CA,4,Republican,1,39,33
0,1,0,1,1,1,1,1,1,1,1,0,1,1,1,1,0,0,1,1,0,1,1,0,0,1,0,1,1,1,1,0,1,1,1,1,1,1,1,1,1,1,1,1,1,0,1,1,0,0,0,0,1,1,0,0,1,1,1,1,0,0,1,0,0,1,1,0,0,1,1,1,1,0,Rep. Henry Cuellar [D],TX,42,Democrat,0,28,21
0,1,0,1,1,1,1,1,1,1,1,0,1,0,1,1,0,0,1,1,0,1,1,0,0,1,0,0,1,1,1,0,1,1,1,1,1,0,1,1,1,1,1,1,0,0,1,0,0,0,0,0,1,1,0,0,1,0,1,1,0,0,1,0,0,0,0,0,0,0,0,0,0,0,Rep. Suzan DelBene [D],WA,46,Democrat,0,1,1
0,0,0,1,1,1,1,1,1,1,1,0,1,0,1,1,0,0,1,1,0,1,1,0,0,1,0,0,1,1,1,0,1,1,1,1,1,0,1,1,1,1,1,1,0,0,1,0,0,0,0,0,1,1,0,0,1,0,1,1,0,0,1,0,0,0,0,0,0,0,0,0,0,0,Rep. John Garamendi [D],CA,4,Democrat,0,3,23
0,0,0,1,1,1,1,1,1,1,1,0,1,0,1,1,0,0,0,1,0,1,1,0,0,1,0,1,1,1,1,0,1,1,1,1,1,0,1,1,1,1,1,1,0,0,1,0,0,0,0,0,1,1,0,0,1,0,1,1,0,0,1,0,0,0,0,0,0,0,0,0,0,0,Rep. Ann Kuster [D],NH,29,Democrat,0,2,12
1,1,1,0,0,0,0,0,0,0,0,1,0,1,1,1,1,1,1,0,1,0,1,1,1,1,1,1,0,0,0,1,0,0,0,0,0,1,0,0,0,0,0,0,1,1,0,1,1,1,1,1,1,1,1,1,0,1,1,1,1,1,0,1,1,1,1,1,1,1,1,1,1,1,Rep. Jack Bergman [R],MI,21,Republican,1,1,1
0,0,0,1,1,1,1,1,1,1,1,0,1,0,1,1,0,0,0,1,0,1,1,0,0,1,0,0,1,1,1,0,1,1,1,1,1,0,1,1,1,1,1,1,0,0,1,0,0,0,0,0,1,1,0,0,1,0,1,1,0,0,1,0,0,0,0,0,0,0,0,0,0,0,Rep. Mike Thompson [D],CA,4,Democrat,0,5,45
0,1,0,1,1,1,1,1,1,1,1,0,1,0,1,1,0,0,0,1,0,1,1,0,0,1,0,1,1,1,1,0,1,1,1,1,1,0,1,1,1,1,1,1,0,0,1,0,0,0,0,0,1,1,0,0,1,0,1,1,0,0,1,0,0,0,0,0,0,0,0,0,0,0,Rep. John Delaney [D],MD,19,Democrat,0,6,50
1,1,1,0,0,0,0,0,0,0,0,1,0,1,1,1,1,1,1,0,1,0,1,0.5,1,1,1,1,0,0,0,1,0,0,0,0,0,1,0,0,0,0,0,0,1,1,0,1,1,1,1,1,1,1,1,1,0,1,1,1,1,1,0,1,1,1,1,1,1,1,1,1,1,1,Rep. Bill Shuster [R],PA,37,Republican,1,9,53
1,1,1,0,0,0,0,0,0,0,0,1,0,1,1,1,1,1,1,0,1,0,1,1,1,1,1,1,0,0,0,1,0,0,0,0,0,1,0,0,0,0,0,0,1,1,0,1,1,1,1,1,1,1,1,1,0,1,0.5,0.5,1,1,0,1,1,1,1,1,1,1,1,1,1,1,Rep. Mike Johnson [R],LA,17,Republican,1,4,34
1,1,1,0,0,0,0,0,0,0,0,1,0,1,1,1,1,1,1,0,1,0,1,1,1,1,1,1,0,0,0,1,0,0,0,0,0,1,0,0,0,0,0,0,1,1,0,1,1,1,1,1,1,1,1,1,0,1,1,1,1,1,0,1,1,1,1,1,1,1,1,1,1,1,Rep. Bob Gibbs [R],OH,34,Republican,1,7,51
0,1,0,1,1,1,1,1,1,1,1,0,1,0,1,1,0,0,1,1,0,1,1,0,0,1,0,0,1,1,1,0,1,1,1,1,1,0,1,1,1,1,1,1,0,0,1,0,0,0,0,0,1,1,0,0,1,0,1,1,0,0,1,0,0,0,0,0,0,0,0,0,0,0,Rep. Joe Courtney [D],CT,6,Democrat,0,2,12
1,1,1,0,0,0,0,0,0,0,0,1,0,1,1,1,1,1,1,0,1,0,1,1,1,1,1,1,0,0,0,1,0,0,0,0,0,1,0,0,0,0,0,0,1,1,0,1,1,1,1,1,1,1,1,1,0,1,1,1,1,1,0,1,1,1,1,1,1,1,1,1,1,1,Rep. Charles “Chuck” Fleischmann [R],TN,41,Republican,1,3,23
0,1,0,1,1,1,1,1,1,1,1,0,1,0,0.5,0.5,0.5,0.5,0.5,0.5,0,0.5,0.5,0.5,0.5,0.5,1,1,1,1,1,0,1,1,1,1,1,0,1,1,1,1,1,1,0,0,1,0,0,0,0,0.5,1,1,0,0,1,0,1,1,0,0,1,0,0,0,0,0,0,0,0,0,0,0,Rep. Ed Perlmutter [D],CO,5,Democrat,0,7,51
0,0,0,1,1,0.5,1,1,1,1,1,0,1,0,1,1,0,0,1,1,0,1,0,0,0,0.5,0,1,1,1,1,0,1,1,1,1,1,0,1,1,1,1,1,1,0,0,1,0,0.5,0,0,0,1,1,0,0,1,0,1,1,0,0,0.5,0,0,0,0,0,0,0,0,0,0.5,0,Rep. Maxine Waters [D],CA,4,Democrat,0,43,38
1,1,1,0,0,0,0,0,0,0,0,0.5,0,1,1,1,1,1,1,0,1,0,1,1,1,1,1,1,0,0,0,1,0,0,0,0,0,1,0,0,0,0,0,0,1,1,0,1,1,1,1,1,1,1,1,1,0,1,1,1,1,1,0,1,1,1,1,1,1,1,1,1,1,1,Rep. John Culberson [R],TX,42,Republican,1,7,51
0,0,0,1,1,1,1,1,1,1,1,0,1,0,1,1,0.5,0.5,0.5,0.5,0,0.5,0.5,0,0,1,0,0,1,1,1,0,1,1,1,1,1,0,1,1,1,1,1,1,0,0,1,0,0,0,0,0,1,1,0,0,1,0,1,1,0,0,1,0,0,0,0,0,0,0,0,0,0,0,Rep. Debbie Dingell [D],MI,21,Democrat,0,12,4
0,1,0,1,1,1,1,1,1,1,1,0,1,0,1,1,0,0,1,1,0,1,0,0.5,0.5,0.5,0,0,1,1,1,0,1,1,1,1,1,0,1,1,1,1,1,1,0,0,1,0,0,0,0,0,1,1,0,0,1,0,0.5,1,0,0,1,0,0,0,0,0,0,0,0,0,0,0,Rep. Jerrold Nadler [D],NY,33,Democrat,0,10,2
0,0,0,1,1,1,1,1,1,1,1,0,1,0,1,1,0.5,0.5,0.5,0.5,0,0.5,0.5,0,0,1,0,0,1,1,1,0,1,1,1,1,1,0,1,1,1,1,1,1,0,0,1,0,0,0,0,0,1,1,0,0,1,0,1,1,0,0,1,0,0,0,0,0,0,0,0,0,0,0,Rep. Mark Takano [D],CA,4,Democrat,0,41,36
1,1,1,0,0,0,0,0,0,0,0,1,0,1,1,1,1,1,0,0,1,0,1,1,1,1,1,1,0,0,0,1,0,0,0,0,0,1,0,0,0,1,0,0,1,1,0,1,1,1,1,1,1,1,1,1,0,1,1,1,1,1,0,1,1,1,0,1,1,1,1,1,1,1,Rep. Jaime Herrera Beutler [R],WA,46,Republican,1,3,23
0,1,0,1,1,1,1,1,1,1,1,0,1,0,1,1,0,0,0,1,0,1,1,0,0,1,0,0,1,1,1,0,1,1,1,1,1,0,1,1,1,1,1,1,0,0,1,0,0,0,0,0,1,1,0,0,1,0,1,1,0,0,1,0,0,0,0,0,0,0,0,0,0,0,Rep. Juan Vargas [D],CA,4,Democrat,0,51,47
1,1,1,0,0,0,0,0,0,0,0,1,0,1,1,1,1,1,0,0,1,0,1,1,1,0,1,1,0,0,0,1,0,0,0,0,0,1,0,0,0,0,0,0,1,1,0,1,1,1,1,1,1,1,1,1,0,1,1,1,1,1,0.5,1,1,1,1,1,1,1,1,1,0.5,1,Rep. Ted Poe [R],TX,42,Republican,1,2,12
0,0,0,1,1,1,1,1,1,1,1,0,1,0,1,1,0,0,1,1,0,1,0,0,0,1,0,0,1,1,1,0,1,1,1,1,1,0,1,1,1,1,1,1,0,0,1,0,0,0,0,0,1,1,0,0,1,0,1,1,0,0,1,0,0,0,0,0,0,0,0,0.5,0,0,Rep. André Carson [D],IN,14,Democrat,0,7,51
1,1,1,0,0,0,0,0,0,0,0,1,0,1,1,1,1,1,1,0,1,0,1,1,1,1,1,1,0,0,0,1,0,0,0,0,0,1,0,0,0,0,0,0,1,1,0,1,1,1,1,1,1,1,1,1,0,1,1,1,1,1,0,0.5,0.5,0.5,0.5,1,1,1,1,1,1,1,Rep. Scott Taylor [R],VA,44,Republican,1,2,12
1,1,1,0,0,0,0,0,0,0,0,1,0,1,1,1,1,1,0,0,1,0,1,1,1,1,1,1,0,0,0,1,0,0,0,0,0,1,0,0,0,0,0,0,1,1,0,1,1,1,1,1,1,1,1,1,0,1,1,1,1,1,0,1,1,1,1,1,1,1,1,1,1,1,Rep. Darin LaHood [R],IL,13,Republican,1,18,10
1,1,1,0,0,0,0,0,0,0,0,1,0,1,1,1,1,1,0,0,1,0,1,1,1,1,1,1,0,0,0,1,0,1,0,0,0,1,0,0,0,0,0,0,1,1,0,1,1,1,1,1,1,1,1,1,0,1,1,1,1,1,0,1,1,1,1,1,1,1,1,1,1,1,Rep. Leonard Lance [R],NJ,30,Republican,1,7,51
1,1,1,0,0,0,0,0,0,0,0,1,0,1,1,1,1,1,1,0,1,0,1,1,1,1,1,1,0,0,0,1,0,0,0,0,0,1,0,0,0,0,0,0,1,1,0,1,1,1,1,1,1,1,1,1,0,1,1,1,1,1,0,1,1,1,1,1,1,1,1,1,1,1,Rep. Jodey Arrington [R],TX,42,Republican,1,19,11
1,1,1,0,0,0,0,0,0,0,0,1,0,1,1,1,1,0.5,1,0,1,0,1,1,1,1,1,0,0,0,0,1,0,0,0,0,0,1,0,0,0,0,0,0,1,1,0,1,1,1,1,1,1,1,1,1,0,1,1,1,1,1,0,1,1,1,1,1,1,1,1,1,1,1,Rep. Michael McCaul [R],TX,42,Republican,1,10,2
1,1,1,0,0,0,0,0,0,0,0,1,0,1,1,1,1,1,0,0,1,0,1,1,1,1,1,1,0,0,0,1,0,0,0,0,0,1,0,0,0,0,0,0,1,1,0,1,1,1,1,1,1,1,1,1,0,1,1,1,1,1,0,1,1,1,1,1,1,1,1,1,1,1,Rep. Jason Smith [R],MO,23,Republican,1,8,52
1,1,1,0,0,0,0,0,0,0,0,0,0,1,1,1,1,1,1,0,1,0,1,1,1,1,1,1,0,0,0,1,0,0,0,0,0,1,0,0,0,0,0,0,1,1,0,1,1,1,1,1,1,1,1,1,0,1,1,1,1,1,0,1,1,1,1,1,1,1,1,1,1,1,Rep. Robert Aderholt [R],AL,1,Republican,1,4,34
1,1,1,0,0,0,0,0,0,0,0,1,0,1,1,1,1,1,1,0,1,0,1,1,1,1,1,1,0,0,0,1,0,0,0,0,0,1,0,0,0,0,0,0,1,1,0,1,1,1,1,1,1,1,1,1,0,1,1,1,1,1,0,1,1,1,1,1,1,1,1,1,1,1,Rep. Paul Mitchell [R],MI,21,Republican,1,10,2
0,1,0,1,1,1,1,1,1,1,1,0,1,0,0.5,0.5,0,0,1,1,0,1,1,0,0,1,0,0,1,1,1,0,1,1,1,1,1,0,1,1,1,1,1,1,0,0,1,0,0,0,0,0,1,1,0,0,1,0,0.5,0.5,0,0,1,0,0,0,0,0,0,0,0,0,0,0,Rep. Grace Meng [D],NY,33,Democrat,0,6,50
1,0.5,1,0,0,0,0,0,0,0,0,1,0,1,1,1,1,1,1,0,1,0,1,1,1,1,1,1,0,0,0,1,0,0,0,0,0,1,0,0,0,0,0,0,1,1,0,1,1,1,1,1,1,1,1,1,0,1,1,1,1,1,0,1,1,1,1,1,1,1,1,1,1,1,Rep. Trent Franks [R],AZ,3,Republican,1,8,52
0,1,0,1,1,1,1,1,1,1,1,0,1,0,1,1,0,0,0,0.5,0,0.5,0.5,0.5,0.5,0.5,0,0,1,1,1,0,1,1,1,1,1,0,1,1,1,1,1,1,0,0,1,0,0,0,0,0,1,1,0,0,1,0,0.5,1,0,0,1,0,0,0,0,0,0,0,0,0.5,0,0,Rep. Sheila Jackson Lee [D],TX,42,Democrat,0,18,10
1,1,1,0,0,0,0,0,0,0,0,1,0,1,1,1,1,1,1,0,1,0,1,1,1,1,1,1,0,0,0,1,0,0,0,0,0,1,0,0,0,0,0,0,1,1,0,1,1,1,1,1,1,1,1,1,0,1,1,1,1,1,0,1,1,1,1,1,1,1,1,1,1,1,Rep. David Schweikert [R],AZ,3,Republican,1,6,50
1,1,1,0,0,0,0,0,0,0,0,1,0,1,1,1,1,1,0,0,1,0,1,1,1,1,1,1,0,0,0,1,0,0,0,0,0,1,0,0,0,0,0,0,1,1,0,1,1,1,1,1,1,1,1,1,0,1,1,1,1,1,0,1,1,1,1,1,1,1,1,1,1,1,Rep. Sam Graves [R],MO,23,Republican,1,6,50
0,1,0,1,1,1,1,1,1,1,1,0,1,0,1,1,0,0,0,1,0,1,1,0,0,1,0,0,1,1,1,0,1,1,1,1,1,0,1,1,1,1,1,1,0,0,1,0,0,0,0,0,1,1,0,0,1,0,1,1,0,0,1,0,0,0,0,0,0,0,0,0,0,0,Rep. Adam Schiff [D],CA,4,Democrat,0,28,21
0,1,0,1,1,1,1,1,1,1,1,0,1,0,1,1,0,0,0,1,0,1,0,0,0,1,0,0,1,1,1,0,1,1,1,1,1,0,1,1,1,1,1,1,0,0,1,0,0,0,0,0,1,1,0,0,1,0,1,1,0,0,1,0,0,0,0,0,0,0,0,0,0,0,Rep. Ro Khanna [D],CA,4,Democrat,0,17,9
0,0,0,0.5,1,1,1,1,1,1,1,0,1,0,1,1,0,0,1,1,0,1,1,0,0,1,0,0,1,1,1,0,1,1,1,1,1,0,1,1,1,1,1,1,0,0,1,0,0,0,0,0,1,1,0,0,1,0,1,1,0,0,1,0,0,0,0,0,0,0,0,0,0,0,Rep. Beto O'Rourke [D],TX,42,Democrat,0,16,8
1,1,1,0,0,0,0,0,0,0,1,1,0,1,1,1,1,1,0,0,1,0,1,1,1,1,1,1,0,0,0,1,0,1,0,0,0,1,0,0,0,0,0,0,1,1,0,1,1,1,1,1,1,1,1,1,0,1,1,1,1,1,0,1,1,1,1,1,1,1,1,1,1,1,Rep. Evan Jenkins [R],WV,48,Republican,1,3,23
1,1,1,0,0,0,0,0,0,0,0,1,0,1,1,1,1,1,1,0,1,0,1,1,1,1,1,1,0,0,0,1,0,0,0,0,0,1,0,0,0,0,0,0,1,1,0,1,1,1,1,1,1,1,1,1,0,1,1,1,1,1,0,1,1,1,1,1,1,1,1,1,1,1,Rep. Roger Williams [R],TX,42,Republican,1,25,18
0,0.5,0,1,1,1,1,1,1,1,1,0,1,0,1,1,0,0,0,1,0,1,0,0,0,1,0,0,1,1,1,0,1,1,1,1,1,0,1,1,1,1,1,1,0,0,1,0,0,0,0,0,1,1,0,0,1,0,1,1,0,0,1,0,0,0,0,0,0,0,0,0,0,0,Rep. Michael Capuano [D],MA,18,Democrat,0,7,51
1,1,1,0,0,0,0,0,0,0,0,1,0,1,1,1,1,1,1,0,1,0,1,1,1,1,1,1,0,0,0,1,0,0,0,0,0,1,0,0,0,0,0,0,1,1,0,1,1,1,1,1,1,1,1,1,0,1,1,1,1,1,0,1,1,1,1,1,1,1,1,1,1,1,Rep. Greg Walden [R],OR,36,Republican,1,2,12
0,1,0,1,1,1,1,1,1,1,1,0,1,0,1,1,0,0,0,1,0.5,1,1,0,0,1,0,0,1,1,1,0,1,1,1,1,1,0,1,1,1,1,1,1,0,0,1,0,0,0,0,0,1,1,0,0,1,0,1,1,0,0,1,0,0,0,0,0,0,0,0,0,0,0,Rep. Alma Adams [D],NC,26,Democrat,0,12,4
0,1,0,1,1,1,1,1,1,1,1,0,1,0,1,1,0,0,0,0,0,0,1,0,0,1,0,1,1,1,1,0,1,1,1,1,1,0,1,1,1,1,1,1,0,0,1,0,0,0,0,0,1,1,0,0,1,0,1,1,0,0,1,0,0,0,0,0,0,0,1,0,0,0,Rep. Tom O'Halleran [D],AZ,3,Democrat,0,1,1
1,1,1,0,0,0,0,0,0,0,0,1,0,1,1,1,1,1,1,0,1,0,1,1,1,1,1,1,0,0,0,1,0,0,0,0,0,1,0,0,0,0,0,0,1,1,0,1,1,1,1,1,1,1,1,1,0,1,1,1,1,1,0,1,1,1,1,1,1,1,1,1,1,1,Rep. Mimi Walters [R],CA,4,Republican,1,45,40
1,1,1,0,0,0,0,0,0,0,0,1,0,1,1,1,1,1,1,0,1,0,1,1,1,1,1,1,0,0,0,1,0,0,0,0,0,1,0,0,0,0,0,0,1,1,0,1,1,1,1,1,1,1,1,1,0,1,1,1,1,1,0,1,1,1,1,1,1,1,1,0.5,1,1,Rep. Devin Nunes [R],CA,4,Republican,1,22,15
1,1,0.5,0,0.5,0,0,0,1,0,0,1,0,1,1,1,1,1,0,0,1,0,1,1,1,1,1,1,0,0,0,1,0,0,0,0,0,1,0,0,0,0,0,0,1,1,0,1,1,1,1,1,1,1,1,1,0,1,1,1,1,1,0,1,1,1,1,1,1,1,1,1,1,1,Rep. Jeff Denham [R],CA,4,Republican,1,10,2
0,0,0,1,1,1,1,1,1,1,1,0.5,1,0,1,1,0,0,1,1,0,1,1,0,0,1,0,0,1,1,1,0,1,1,1,1,1,0,1,1,1,1,1,1,0,0,1,0,0,0,0,0,1,1,0,0,1,0,1,1,0,0,1,0,0,0,0,0,0,0,0,0,0,0,Rep. David Price [D],NC,26,Democrat,0,4,34
0,0,0,1,1,1,1,1,1,1,1,0,1,0,1,1,0,0,0,1,0,1,0,0.5,0.5,0.5,0,0,1,1,1,0,1,1,1,1,1,0,1,1,1,1,1,1,0,0,1,0,0,0,0,0,1,1,0,0,1,0,1,1,0,0,1,0,0,0,0,0,0,0,0,0.5,0,0,Rep. Lacy Clay Jr. [D],MO,23,Democrat,0,1,1
1,1,1,0,0,0,0,0,0,0,0,1,0,1,1,1,1,1,1,0,1,0,1,1,1,1,1,1,0,0,0,1,0,0,0,0,0,1,0,0,0,0,0,0,1,1,0,1,1,1,1,1,1,1,1,1,0,1,1,1,1,1,0,1,1,1,1,1,1,1,1,1,1,1,Rep. Mark Amodei [R],NV,32,Republican,1,2,12
0,1,0,1,1,1,1,1,1,1,1,0,1,0,1,1,0,0,1,1,0,1,1,0,0,1,0,0,1,1,1,0,1,1,1,1,1,0,1,1,1,1,1,1,0,0,1,0,0,0,0,0,1,1,0,0,1,0,0.5,0.5,0.5,0.5,1,0,0,0,0,0,0,0,0,0,0,0,Rep. Mike Quigley [D],IL,13,Democrat,0,5,45
1,1,1,0,0,0,0,0,0,0,0,1,0,1,1,1,1,1,1,0,1,0,1,1,1,1,1,1,0,0,0,1,0,0,0,0,0,1,0,0,0,0,0,0,1,1,0,1,1,1,1,1,1,1,1,1,0,1,1,1,1,1,0,1,1,1,1,1,1,1,1,1,1,1,Rep. Jeff Fortenberry [R],NE,28,Republican,1,1,1
1,1,1,1,0,0,0,0,0,0,0,1,0,1,1,1,1,1,0,0,1,0,1,1,1,1,1,0,0,0,0,1,0,0,0,0,0,1,0,0,1,1,0,0,1,1,0,1,1,1,0,1,1,1,1,1,0,1,1,1,1,1,0,1,1,0,0,1,1,1,1,0,1,1,Rep. Brian Fitzpatrick [R],PA,37,Republican,1,8,52
1,1,1,0,0,0,0,0,0,0,0,1,0,1,1,1,1,1,1,0,1,0,1,1,1,1,1,1,0,0,0,1,0,0,0,0,0,1,0,0,0,0,0,0,1,1,0,1,1,1,1,1,1,1,1,1,0,1,1,1,1,1,0,1,1,1,1,1,1,1,1,1,1,1,Rep. Pete Sessions [R],TX,42,Republican,1,32,26
0,1,0,1,1,1,1,1,1,1,1,0,1,0,1,1,0,0,0,1,0.5,1,0,0.5,0.5,0.5,0,1,1,1,1,0,1,1,1,1,1,0,1,1,1,1,1,1,0,0,1,0,0,0,0,0,1,1,0,0,1,0,1,1,0,0,1,0,0,0,0,0,0,0,0,0,0,0,Rep. Marcia Fudge [D],OH,34,Democrat,0,11,3
1,1,1,0,0,0,0,0,0,0,0,1,0,1,1,1,1,1,1,0,1,0,1,1,1,1,1,1,0,0,0,1,0,0,0,0,0,1,0,0,0,0,0,0,1,1,0,1,1,1,1,1,1,1,1,1,0,1,1,1,1,1,0,1,1,1,1,1,1,1,1,1,1,1,Rep. John Shimkus [R],IL,13,Republican,1,15,7
1,1,1,0,0,0,0,0,0,0,0,1,0,1,1,1,1,1,0,0,1,0,1,1,1,1,1,1,0,0,0,1,0,0,0,0,0,1,0,0,0,0,0,0,1,1,0,1,1,1,1,1,1,1,1,1,0,1,1,1,1,1,0,1,1,1,1,0.5,1,1,1,1,1,1,Rep. Larry Bucshon [R],IN,14,Republican,1,8,52
0.5,1,1,0,0,0,0,0,0,0,0,1,0,1,0.5,0.5,0.5,0.5,0.5,0.5,0.5,0.5,0.5,0.5,0.5,0.5,0.5,0.5,0.5,0.5,0.5,1,0.5,0.5,0.5,0.5,0.5,0.5,0.5,0.5,0.5,0.5,0,0.5,0.5,0.5,0.5,0.5,0.5,0.5,0.5,1,0.5,0.5,0.5,0.5,0.5,0.5,0.5,0.5,0.5,0.5,0,0.5,0.5,0.5,0.5,0.5,0.5,0.5,0.5,0.5,0.5,0.5,Rep. Ryan Zinke [R],MT,25,Republican,1,0,0
0,0,0,1,1,1,1,1,1,1,1,0,1,0,1,1,0,0,0,1,0,1,0,0,0,1,0,0,1,1,1,0,1,1,1,1,1,0,1,1,1,1,1,1,0,0,1,0,0,0,0,0,1,1,0,0,1,0,1,1,0,0,1,0,0,0,0,0,0,0,0,0,0,0,Rep. Steve Cohen [D],TN,41,Democrat,0,9,53
1,1,1,0,0,0,0,0,0,0,0,1,0,1,1,1,1,1,0,0,1,0,1,1,1,1,1,1,0,0,0,1,0,0,0,0,0,1,0,0,0,0,0,0,1,1,0,1,1,1,1,1,1,1,1,1,0,1,1,1,1,1,0,1,1,1,1,1,1,1,1,1,1,1,Rep. Glenn Thompson [R],PA,37,Republican,1,5,45
0,0.5,0,1,1,1,1,1,1,1,1,0,1,0,1,1,0,0,0,1,0,1,1,0,0,1,0,0,1,1,1,0,1,1,1,1,1,0,1,1,1,1,1,1,0,0,1,0,0,0,0,0,1,1,0,0,1,0,1,1,0,0,1,0,0,0,0,0,0,0,0,0,0,0,Rep. Carol Shea-Porter [D],NH,29,Democrat,0,1,1
1,1,1,0,0,0,0,0,0,0,0,1,0,1,1,1,1,1,1,0,1,0,1,1,1,1,1,1,0,0,0,1,0,0,0,0,0,1,0,0,0,0,0,0,1,1,0,1,1,1,1,1,1,1,1,1,0,1,1,1,1,1,0,1,1,1,1,1,1,1,1,1,1,1,Rep. Brett Guthrie [R],KY,16,Republican,1,2,12
1,1,1,0,0,0,0,0,0,0,0,1,0,1,1,1,1,1,1,0,0.5,0,1,1,1,1,1,1,0,0,0,1,0,0,0,0,0,1,0,0,0,0,0,0,1,1,0,1,1,1,1,1,1,1,1,1,0,1,1,1,1,1,0,1,1,1,1,1,1,1,1,1,1,1,Rep. Steve King [R],IA,11,Republican,1,4,34
0,1,0,1,1,1,1,1,1,1,1,0,1,0,0.5,0.5,0,0,1,1,0,1,1,0,0,1,0,1,1,1,1,0,1,1,1,1,1,0,1,1,1,1,1,1,0,0,1,0,0,0,0,0,1,1,0,0,1,0,1,1,0,0,1,0,0,0,0,0,0,1,0,0,0,0,Rep. Luis Correa [D],CA,4,Democrat,0,46,41
1,1,1,0,0,0,0,0,0,0,0,1,0,1,1,1,1,1,1,0,0.5,0,1,1,1,1,1,1,0,0,0,1,0,0,0,0,0,1,0,0,0,0,0,0,1,1,0,1,1,1,1,1,1,1,1,1,0,1,1,1,1,1,0,1,1,1,1,1,1,1,1,1,1,1,Rep. Trey Gowdy [R],SC,39,Republican,1,4,34
1,1,1,0,0,0,0,0,0,0,0,1,0,1,1,1,1,1,0,0,1,0,1,1,1,1,1,1,0,0,0,1,0,0,0,0,0,1,0,0,0,0,0,0,1,1,0,1,1,1,1,1,1,1,1,1,0,1,1,1,1,1,0,1,1,1,1,1,1,1,1,1,1,1,Rep. Michael Conaway [R],TX,42,Republican,1,11,3
1,1,1,0,0,0,0,0,0,0,0,1,0,1,1,1,1,1,0,0,0.5,0,1,1,1,1,1,1,0,0,0,1,0,0,0,0,0,1,0,0,0,0,0,0,1,1,0,1,1,1,1,1,1,1,1,1,0,1,0.5,0.5,1,1,0,1,1,1,1,1,1,1,1,1,1,1,Rep. James Renacci [R],OH,34,Republican,1,16,8
1,1,1,0,0,0,0,0,0,0,0,1,0,1,1,1,1,1,1,0,1,0,1,1,1,1,1,1,0,0,0,1,0,0,0,0,0,1,0,0,0,0,0,0,1,1,0,1,1,1,1,1,1,1,1,1,0,1,1,1,1,1,0,1,1,1,1,1,1,1,0,1,1,1,Rep. Peter “Pete” King [R],NY,33,Republican,1,2,12
1,1,1,0,0,0,0,0,0,0,0,1,0,1,1,1,1,1,1,0,1,0,1,1,1,1,1,1,0,0,0,1,0,0,0,0,0,1,0,0,0,0,0,0,1,1,0,1,1,1,1,1,1,1,1,1,0,1,1,1,1,1,0,1,1,1,1,1,1,1,1,1,1,1,Rep. Robert Latta [R],OH,34,Republican,1,5,45
0,1,0,1,1,1,1,1,1,1,1,0,1,0,1,1,0,0,1,1,0,1,1,0,0,1,0,0,1,1,1,0,1,1,1,1,1,0,1,1,1,1,1,1,0,0,1,0,0.5,0,0,0,1,1,0,0,1,0,1,1,0,0,1,0,0,0,0,0,0,0,0,0,0,0,Rep. Debbie Wasserman Schultz [D],FL,8,Democrat,0,23,16
1,1,1,0,0,0,0,0,0,0,0,1,0,1,1,1,1,1,1,0,1,0,1,1,1,1,1,1,0,0,0,1,0,0,0,0,0,1,0,0,0,0,0,0,1,1,0,1,1,1,1,1,1,1,1,1,0,1,1,0,1,1,0,1,1,1,1,1,1,1,1,1,1,1,Rep. Adrian Smith [R],NE,28,Republican,1,3,23
1,1,1,0,0,0,0,0,0,0,0,1,0,1,1,1,1,1,1,0,1,0,1,1,1,1,1,1,0,0,0,1,0,0,0,0,0,1,0,0,0,0,0,0,1,1,0,1,1,1,1,1,1,1,1,1,0,1,1,1,1,1,0,1,1,1,1,1,1,1,1,1,1,1,Rep. Lee Zeldin [R],NY,33,Republican,1,1,1
0.5,1,0.5,0.5,0.5,0.5,0.5,0.5,0.5,0.5,0.5,0.5,0.5,0.5,0.5,0.5,0.5,0.5,0.5,0,0.5,0,1,0.5,0.5,0.5,0.5,0.5,0.5,0.5,0.5,0.5,0.5,0.5,0.5,0.5,0.5,0.5,0.5,0.5,0.5,0.5,0.5,0.5,0.5,0.5,0.5,0.5,0.5,0.5,0.5,0.5,0.5,0.5,0.5,0.5,0.5,0.5,0.5,0.5,0.5,0.5,0.5,0.5,0.5,0.5,0.5,0.5,0.5,0.5,0.5,0.5,0.5,0.5,Rep. Mick Mulvaney [R],SC,39,Republican,1,5,45
0.5,1,0.5,0.5,0.5,0.5,0.5,0.5,0.5,0.5,0.5,0.5,0.5,0.5,0.5,0.5,0.5,0.5,0.5,0.5,0.5,0.5,0.5,0.5,0.5,0.5,0.5,0.5,0.5,0.5,0.5,0.5,0.5,0.5,0.5,0.5,0.5,0.5,0.5,0.5,0.5,0.5,0.5,0.5,0.5,0.5,0.5,0.5,0.5,0.5,0.5,0.5,0.5,0.5,0.5,0.5,0.5,0.5,0.5,0.5,0.5,0.5,0.5,0.5,0.5,0.5,0.5,0.5,0.5,0.5,0.5,0.5,0.5,0.5,Rep. Tom Price [R],GA,9,Republican,1,6,50
1,1,1,0,0,0,0,0,0,0,0,1,0,1,1,1,1,1,0,0,1,0,1,1,1,1,1,1,0,0,0,1,0,0,0,0,0,1,0,0,0,0,0,0,1,1,0,1,1,1,1,1,1,1,1,1,0,1,1,1,1,1,0,1,1,1,1,1,1,1,1,1,1,1,Rep. David Valadao [R],CA,4,Republican,1,21,14
1,1,1,0,0,0,0,0,0,0,0,1,0,1,1,1,1,1,0,0,1,0,1,1,1,1,1,1,0,0,0,1,0,0,0,0,0,1,0,0,0,0,0,0,1,1,0,1,1,1,1,1,1,1,1,1,0,1,1,1,1,1,0,1,1,1,1,1,1,1,1,1,1,1,Rep. Kevin Yoder [R],KS,15,Republican,1,3,23
0,0,0,1,1,1,1,1,1,1,1,0,1,0,1,1,0,0,1,1,0,1,1,0,0,1,0,0,1,1,1,0,1,1,1,1,1,0,1,1,1,1,1,1,0,0,1,0,0,0,0,0,1,1,0,0,1,0,1,1,0,0,1,0,0,0,0,0,0,0,0,0,0,0,Rep. Denny Heck [D],WA,46,Democrat,0,10,2
0,1,0,1,1,1,1,1,1,1,1,0,1,0,1,1,0,0,1,0,0,0,1,0,0,1,0,1,1,1,1,0,1,1,1,1,1,0,1,1,1,1,1,1,0,0,1,0,0,0,0,0,1,1,0,0,1,0,1,1,0,0,1,0,0,0,0,0,0,0,0,0,0,0,Rep. James Himes [D],CT,6,Democrat,0,4,34
1,1,1,0,0,0,0,0,0,0,0,1,0,1,1,1,1,1,1,0,1,0,1,1,1,1,1,1,0,0,0,1,0,0,0,0,0,1,0,0,0,0,0,0,1,1,0,1,1,1,1,1,1,1,1,1,0,1,1,1,1,1,0,1,1,1,1,1,1,1,1,1,1,1,Rep. Blake Farenthold [R],TX,42,Republican,1,27,20
0,1,0,1,1,1,1,1,1,1,1,0,1,0,1,1,0,0,0,1,0,1,1,0,0,1,0,0,1,1,1,0,1,1,1,1,1,0,1,1,1,1,1,1,0,0,1,0,0,0,0,0,0.5,1,0,0,1,0,1,1,0,0,1,0,0,0,0,0,0,0,0,0.5,0,0,Rep. Yvette Clarke [D],NY,33,Democrat,0,9,53
1,1,1,0,0,0,0,0,0,0,1,1,0,1,1,1,1,1,0,0,1,0,1,1,1,1,1,1,0,0,0,1,0,1,0,0,0,1,0,0,0,0,0,0,1,1,0,1,1,1,1,1,1,1,1,1,0,1,1,1,1,1,0,1,1,1,1,1,1,1,1,1,1,1,Rep. David McKinley [R],WV,48,Republican,1,1,1
1,1,1,0,0,0,0,0,0,0,0,1,0,1,1,1,1,1,0,0,1,0,1,1,1,1,1,1,0,0,0,1,0,0,0,0,0,1,0,0,0,0,0,0,1,1,0,1,1,1,1,1,1,1,1,1,0,1,1,1,1,1,0,1,1,1,1,1,1,1,1,1,1,1,Rep. John Ratcliffe [R],TX,42,Republican,1,4,34
0,0,0,1,1,1,1,1,1,1,1,0,1,0,1,1,0,0,0,1,0,1,1,0,0,1,0,0,1,1,1,0,1,1,1,1,1,0,1,1,1,1,1,1,0,0,1,0,0,0,0,0,1,1,0,0,1,0,1,1,0,0,1,0,0,0,0,0,0,0,0,0,0,0,Rep. Michael “Mike” Doyle Jr. [D],PA,37,Democrat,0,14,6
1,1,1,0,0,0,0,0,0,0,0,1,0,1,1,1,1,1,0,0,1,0,1,1,1,0,1,1,0,0,0,1,0,0,0,0,0,1,0,0,0,0,0,0,1,1,0,1,1,1,1,1,1,1,1,1,0,1,1,1,1,1,0,1,1,1,1,1,1,1,1,1,1,1,Rep. Morgan Griffith [R],VA,44,Republican,1,9,53
0,1,0,1,1,1,1,1,1,1,1,0,1,0,1,1,0,0,1,1,0,1,1,0,0,1,0,0,1,1,1,0,1,1,1,1,1,0,1,1,1,1,1,1,0,0,1,0,0,0,0,0,1,1,0,0,1,0,1,1,0,0,1,0,0,0,0,0,0,0,0,0,0,0,Rep. Theodore Deutch [D],FL,8,Democrat,0,22,15
1,1,1,0,0,0,0,0,0,0,0,1,0,1,1,1,1,1,1,0,1,0,1,1,1,1,1,1,0,0,0,1,0,0,0,0,0,1,0,0,0,0,0,0,1,1,0,1,1,1,1,1,1,1,1,1,0,1,1,1,1,1,0,1,1,1,1,1,1,1,1,1,1,1,Rep. Peter Roskam [R],IL,13,Republican,1,6,50
1,1,1,0,0,0,0,0,0,0,0,1,0,1,1,1,1,1,1,0,1,0,1,1,1,0,1,1,0,0,0,1,0,0,0,0,0,1,0,0.5,0,0,0,0,1,1,0,1,1,1,1,1,1,1,1,1,0,1,1,0,1,1,0,1,1,1,1,1,1,1,1,1,1,1,Rep. David “Dave” Brat [R],VA,44,Republican,1,7,51
1,1,1,1,0,0,0,0,0,0,0,0,0,1,1,1,1,1,1,0,1,0,1,1,1,1,1,1,0,0,0,1,0,0,0,0,0,1,0,0,0,0,0,0,1,1,0,1,1,1,1,1,1,1,1,1,0,1,1,1,1,1,0,1,1,1,1,1,1,1,1,1,1,1,Rep. Lloyd Smucker [R],PA,37,Republican,1,16,8
1,1,1,0,0,0,0,0,0,0,0,1,0,1,1,1,1,1,1,0,1,0,1,1,1,1,1,1,0,0,0,1,0,0,0,0,0,1,0,0,0,0,0,0,1,1,0,1,1,1,1,1,1,1,1,1,0,1,1,1,1,1,0,1,1,1,1,1,1,1,1,1,1,1,Rep. Brian Babin [R],TX,42,Republican,1,36,30
0,0,1,0,1,0,1,0,1,0,0,1,0,1,0.5,0.5,0.5,0.5,0.5,1,0.5,0,1,1,1,0,1,1,1,1,0,1,1,1,0,0,0,1,1,1,1,1,0,1,0,0,0,0,1,1,0,0,0.5,0.5,0.5,0.5,0.5,0.5,1,0,1,1,0,1,1,0,1,0.5,0.5,0.5,0.5,0.5,1,0,Rep. Walter Jones Jr. [R],NC,26,Republican,1,3,23
0,0,0,1,1,1,1,1,1,1,1,0,1,0,1,1,0,0,1,1,0,1,0,0,0,1,0,0,1,1,1,0,1,1,1,1,1,0,1,1,1,1,1,1,0,0,1,0,0,0,0,0,0.5,0.5,0,0,1,0,1,1,0,0,1,0,0,0,0,0,0,0,0,0,0,0,Rep. John Conyers Jr. [D],MI,21,Democrat,0,13,5
0,0,0,1,1,1,1,1,1,1,1,0,1,0,1,1,0,0,0,1,0,1,1,0,0,1,0,0,1,1,1,0,1,1,1,1,1,0,1,1,1,1,1,1,0,0,1,0.5,0,0,0,0,1,1,0,0,1,0,1,1,0,0,1,0,0,0,0,0,0,0,0,0,0,0,Rep. David Loebsack [D],IA,11,Democrat,0,2,12
0,1,0,1,1,1,1,1,1,1,1,0,1,0,1,1,0,0,0,1,0,1,1,0,0,1,0,0,1,1,1,0,1,1,1,1,1,0,1,1,1,1,1,1,0,0,1,0,0,0,0,0,1,1,0,0.5,1,0,1,1,0,0,1,0,0,0,0,0,0,0,0,0,0,0,Rep. Marc Veasey [D],TX,42,Democrat,0,33,27
0,0,0,1,1,1,1,1,1,1,1,0,1,0,1,1,0,0,0,1,0,1,1,0,0,1,0,0,1,1,1,0,1,1,1,1,1,0,1,1,1,1,1,1,0,0,1,0,0,0,0,0,1,1,0,0,1,0,1,1,0,0,1,0,0,0,0,0,0,0,0,0,0,0,Rep. Gerald Connolly [D],VA,44,Democrat,0,11,3
0,0,0,1,1,1,1,1,1,1,1,0,1,0,1,1,0,0,0,1,0.5,1,0,0,0,1,0,0,1,1,1,0,1,1,1,1,1,0,1,1,1,1,1,1,0,0,1,0,0,0,0,0,1,1,0,0,1,0,1,1,0,0,1,0,0,0,0,0,0,0,0.5,0,0,0,Rep. Stephen Lynch [D],MA,18,Democrat,0,8,52
1,1,1,0,0,0,0,0,0,0,0,1,0,1,1,1,1,1,1,0,1,0,1,1,1,1,1,1,0,0,0,1,0,0,0,0,0,1,0,0,0,0,0,0,1,1,0,1,1,1,1,1,1,1,1,1,0,1,1,1,1,1,0,1,1,1,1,1,1,1,1,1,1,1,Rep. Jackie Walorski [R],IN,14,Republican,1,2,12
0.5,1,0,1,1,1,1,1,1,1,1,0,1,0,1,1,0,0,0,1,0,1,0,0,0,1,0,0,1,1,1,0,1,1,1,1,1,0,1,1,1,1,1,1,0,0,1,0,0,0,0,0,1,1,0.5,0,1,0,0.5,1,0,0,1,0,0,0,0,0,0,0,0.5,0,0,0,Rep. Nydia Velázquez [D],NY,33,Democrat,0,7,51
0,1,0,1,1,1,1,1,1,1,1,0,1,0,1,1,0,0,0,1,0,1,1,0,0,1,0,0,1,1,1,0,1,1,1,1,1,0,1,1,1,1,1,1,0,0,1,0,0,0,0,0,1,1,0,0,1,0,1,1,0,0,1,0,0,0,0,0,0,0,0,0,0,0,Rep. Derek Kilmer [D],WA,46,Democrat,0,6,50
0,0,0,1,1,1,1,1,1,1,1,0,1,0,1,1,0,0,1,1,0,1,0,0.5,0.5,0.5,0,0,1,1,1,0,1,1,1,1,1,0,1,1,1,1,1,1,0,0,1,0,0,0,0,0,1,1,0,0,1,0,0.5,0.5,0,0,1,0,0,0,0,0,0,0,0,0,0,0,Rep. Al Green [D],TX,42,Democrat,0,9,53
1,0,1,0,0,0,0,0,0,0,0,1,0,1,1,1,1,1,0,0,1,0,1,1,0,0,1,1,0,0,0,1,0,0,0,0,0,1,0,0,0,0,0,0,1,1,0,1,1,1,0,0,0,1,1,1,0,1,1,0,1,1,0,1,1,1,1,1,1,1,1,1,1,1,Rep. Justin Amash [R],MI,21,Republican,1,3,23
1,1,1,0,0,0,0,0,0,0,0,1,0,1,1,1,1,1,1,0,1,0,1,1,0.5,1,1,1,0,0,0,1,0,0,0,0,0,1,0,0,0,0,0,0,1,1,0,1,1,1,1,1,1,1,1,1,0,1,1,1,1,1,0,1,1,1,1,1,1,1,1,1,1,1,Rep. Rodney Frelinghuysen [R],NJ,30,Republican,1,11,3
1,1,1,0,0,0,0,0,0,0,0,1,0,1,1,1,1,1,0,0,1,0,1,1,1,1,1,1,0,0,0,1,0,0,0,0,0,1,0,0,0,0,0,0,1,1,0,1,1,1,1,1,1,1,1,1,0,1,1,1,1,1,0,1,1,1,1,1,1,1,1,1,1,1,Rep. Will Hurd [R],TX,42,Republican,1,23,16
1,1,1,0,0,0,0,0,0,0,0,1,0,1,1,1,1,1,0,0,1,0,1,1,1,1,1,1,0,0,0,1,0,0,0,0,0,1,0,0,0,0,0,0,1,1,0,1,1,1,1,1,1,1,1,1,0,1,1,1,1,1,0,1,1,1,1,1,1,1,1,1,1,1,Rep. Fred Upton [R],MI,21,Republican,1,6,50
0,0,0,1,1,1,1,1,1,1,1,0,1,0,0.5,0.5,0.5,0.5,0.5,0.5,0,0.5,0.5,0,0,1,0,0,1,1,1,0,1,1,1,1,1,0,1,1,1,1,1,1,0,0,1,0,0,0,0,0,1,1,0,0,1,0,1,1,0,0,1,0,0,0,0,0,0,0,0,0,0,0.5,Rep. Danny Davis [D],IL,13,Democrat,0,7,51
1,1,1,0,0,0,0,0,0,0,0,1,0,1,1,1,1,1,0,0,1,0,1,1,1,1,1,1,0,0,0,1,0,0,0,0,0,1,0,0,0,0,0,0,1,1,0,1,1,1,1,1,1,1,1,1,0,1,0.5,0.5,1,1,0,1,1,1,1,1,1,1,1,1,1,1,Rep. Adam Kinzinger [R],IL,13,Republican,1,16,8
0,1,0,1,1,1,1,1,1,1,1,0,1,0,1,1,0,0,1,1,0,1,0,0,0,1,0,0,1,1,1,0,1,1,1,1,1,0,1,1,1,1,1,1,0,0,1,0,0,0,0,0,1,1,0,0,1,0,1,1,0,0,1,0,0,0,0,0,0,0,0,0,0,0,Rep. Lucille Roybal-Allard [D],CA,4,Democrat,0,40,35
0,0,0,1,1,1,1,1,1,1,1,0,1,0,1,1,0,0,0,1,0,1,0,0,0,1,0,0,1,1,1,0,1,1,1,1,1,0,1,1,1,1,1,1,0,0,1,0,0,0,0,0,1,1,0.5,0.5,0.5,0.5,0.5,0.5,0,0,1,0,0,0,0,0,0,0,0,0,0,0,Rep. Louise Slaughter [D],NY,33,Democrat,0,25,18
1,1,1,0,0,0,0,0,0,0,0,1,0,1,1,1,1,1,1,0,1,0,1,1,1,1,1,1,0,0,0,1,0,0,0,0,0,1,0,0,0,0,0,0,1,1,0,1,1,1,1,1,1,1,1,1,0,1,1,1,1,1,0,1,1,1,1,1,1,1,1,1,1,1,Rep. Harold “Hal” Rogers [R],KY,16,Republican,1,5,45
1,1,1,0,0,0,0,0,0,0,0,1,0,1,1,1,1,1,1,0,1,0,1,1,1,0,1,1,0,0,0,1,0,0,0,0,0,1,0,0,0,0,0,0,1,1,0,1,1,1,1,1,1,1,1,1,0,1,1,1,1,1,0,1,1,1,1,1,1,1,0.5,1,1,1,Rep. Mo Brooks [R],AL,1,Republican,1,5,45
1,1,1,0,0,0,0,0,0,0,0,1,0,1,1,1,1,1,1,0,1,0,1,1,1,0.5,1,0.5,0.5,0.5,0.5,1,0.5,0.5,0.5,0.5,0.5,0.5,0.5,0.5,0.5,0.5,0,0.5,0.5,0.5,0.5,0.5,0.5,0.5,0.5,1,1,1,1,1,0,1,1,1,1,1,0,1,1,1,1,1,1,1,1,1,1,1,Rep. John Rutherford [R],FL,8,Republican,1,4,34
1,1,1,0,0,0,0,0,0,0,0,1,0,1,1,1,1,1,1,0,1,0,1,1,1,1,1,1,0,0,0,1,0,0,0,0,0,1,0,0.5,0,0,0,0,1,1,0,1,1,1,1,1,1,1,1,1,0,1,1,1,1,1,0,1,1,1,1,1,1,1,1,1,1,1,Rep. Kevin Cramer [R],ND,27,Republican,1,0,0
0,0,0,1,1,1,1,1,1,1,1,0,1,0,1,1,0.5,0.5,0.5,0.5,0,0.5,0.5,0.5,0.5,0.5,0,0,1,1,1,0,1,1,1,1,1,0,1,1,1,1,1,1,0,1,1,0,0.5,0,0,0,1,1,0,0,1,0,0.5,1,0,0,1,0,0,0,0,0,0,0,0,0,0,1,Rep. Henry “Hank” Johnson Jr. [D],GA,9,Democrat,0,4,34
0,1,0,1,1,1,1,1,1,1,1,0,1,0,1,1,0,0,1,1,0,1,1,0.5,0.5,0.5,0,0,1,1,1,0,1,1,1,1,1,0,1,1,1,1,1,1,0,0,1,0,0,0,0,0,1,1,0,0,1,0,1,1,0,0,1,0,0,0,0,0,0,0,0,0,0,0,Rep. Anthony Brown [D],MD,19,Democrat,0,4,34
0,0,0,1,1,1,1,1,1,1,1,0,1,0,1,1,0,0,1,1,0,1,0,0,0,1,0,0,1,1,1,0,1,1,1,1,1,0,1,1,1,1,1,1,0,0,1,0,0,0,0,0,1,1,0,0,1,0,1,1,0,0,1,0,0,0,0,0,0,0,0,0,0,0,Rep. Peter Welch [D],VT,45,Democrat,0,0,0
0,0,0,1,1,1,1,1,1,1,1,0,1,0,1,1,0,0,1,1,0,1,0,0,0,1,0,0,1,1,1,0,1,1,1,1,1,0,1,1,1,1,1,1,0,0,1,0,0,0,0,0,1,1,0,0,1,0,1,1,0.5,0.5,1,0.5,0.5,0.5,0.5,0,0,0,0,0,0,0,Rep. Daniel Kildee [D],MI,21,Democrat,0,5,45
0.5,1,1,0,0,0,0,0,0,0,0,1,0,1,1,1,1,1,0,0,1,0,1,1,1,1,1,1,0,0,0,1,0,0,0,0,0,1,0,0,0,0,0,0,1,1,0,1,1,1,1,1,1,1,1,1,0,1,1,1,1,1,0,1,1,1,1,1,1,1,1,1,1,1,Rep. Tim Walberg [R],MI,21,Republican,1,7,51
1,1,1,0,0,0,0,0,0,0,0,1,0,1,1,1,1,1,0,0,1,0,1,1,1,1,1,1,0,0,0,1,0,0,0,0,0,1,0,0,0,0,0,0,1,1,0,1,1,1,1,1,1,1,0.5,0.5,0,1,1,1,1,1,0,1,1,1,1,1,1,1,1,1,1,1,Rep. Mike Coffman [R],CO,5,Republican,1,6,50
1,1,1,0,0,0,0,0,0,0,0,1,0,1,1,1,1,1,0,0,1,0,1,1,1,1,1,1,0,0,0,1,0,0,0,0,0,1,0,0,0,0,0,0,1,1,0,1,1,1,1,1,1,1,1,1,0,1,1,1,1,1,0,1,1,1,1,1,1,1,1,1,1,1,Rep. Jason Chaffetz [R],UT,43,Republican,1,3,23
0,1,0,1,1,1,1,1,1,1,1,0,1,0,1,1,0,0,1,1,0,1,1,0,0,1,0,0,1,1,1,0,1,1,1,1,1,0,1,1,1,1,1,1,0,0,1,0,0,0,0,0,1,1,0,0,1,0,1,1,0,0,1,0,0,0,0,0,0,0,0,0,0,0,Rep. Michelle Lujan Grisham [D],NM,31,Democrat,0,1,1
1,1,1,1,1,0,0,0,0,0,0,1,0,1,0.5,0.5,1,1,0,0,1,0,1,1,1,1,1,1,0,0,0,1,0,0,0,0,0,1,0,0,0,0,0,0,1,1,0,1,1,1,1,1,1,1,1,1,0,1,1,1,1,1,0,1,1,1,0,1,1,0,1,0,1,1,Rep. Ileana Ros-Lehtinen [R],FL,8,Republican,1,27,20
1,1,1,0,0,0,0,0,1,0,0,0,0,1,1,1,1,1,0,0,1,0,1,1,1,1,1,1,0,0,0,1,0,0,0,0,0,1,0,0,0,0,0,0,1,1,0,1,1,1,1,1,1,1,1,1,0,1,1,1,1,1,0,1,1,1,0,1,1,1,1,1,1,1,Rep. Frank LoBiondo [R],NJ,30,Republican,1,2,12
1,1,1,0,0,0,0,0,0,0,0,1,0,1,1,1,1,1,1,0,0.5,0,1,1,1,1,1,1,0,0,0,1,0,0,0,0,0,1,0,0,0,0,0,0,1,1,0,1,1,1,1,1,1,1,1,1,0,1,1,1,1,1,0,1,1,1,1,1,1,1,1,1,1,1,Rep. Thomas Rooney [R],FL,8,Republican,1,17,9
1,1,1,0,0,0,0,0,0,0,0,1,0,1,1,1,1,1,1,0,1,0,1,1,1,1,1,1,0,0,0,1,0,0,0,0.5,0,1,0,0,0,0,0,0,1,1,0,1,1,1,1,1,1,1,1,1,0,1,0.5,0.5,1,1,0,1,1,1,1,1,1,1,1,1,1,1,Rep. Scott DesJarlais [R],TN,41,Republican,1,4,34
0,1,0,1,1,1,1,1,1,1,1,0,1,0,1,1,0,0,0,1,0,1,0,0,0,1,0,0,1,1,1,0,1,1,1,1,1,0,1,1,1,1,1,1,0,0,1,0,0,0,0.5,0,1,1,0,0,1,0,1,1,0,0,1,0,0,1,0,0,0,0,0,0,0,0,Rep. Gene Green [D],TX,42,Democrat,0,29,22
1,1,1,0,0,0,0,0,0,0,0,1,0,1,1,1,1,1,0,0,1,0,1,1,1,0,1,1,0,0,0,1,0,0,0,0,0,1,0,0,0,0,0,0,1,1,0,1,1,1,1,1,1,1,1,1,0,1,1,1,1,1,0,1,1,1,1,1,1,1,1,1,1,1,Rep. Ken Buck [R],CO,5,Republican,1,4,34
0,0,0,1,1,1,1,1,1,1,1,0,1,0,1,1,0,0,0,1,0,1,0,0,0,1,0,0,1,1,1,0,1,1,1,1,1,0,1,1,1,1,1,1,0,0,1,0,0,0,0,0,1,1,0,0,1,0,0.5,0.5,0.5,0.5,1,0.5,0.5,0.5,0.5,0.5,0.5,0.5,0.5,0.5,0,0,Rep. Katherine Clark [D],MA,18,Democrat,0,5,45
0.5,1,1,0,0,0,0,0,0,0,0,1,0,1,0.5,0.5,1,1,1,0,1,0,1,1,1,1,1,1,0,0,0,1,0,0,0,0,0,1,0,0,0,0,0,0,1,1,0,1,1,1,1,1,1,1,1,1,0,1,1,1,1,1,0,1,1,1,1,1,1,1,1,1,1,1,Rep. Vern Buchanan [R],FL,8,Republican,1,16,8
1,1,1,0,0,0,0,0,0,0,0,1,0,1,1,1,1,1,1,0,1,0,1,1,1,1,1,1,0,0,0,1,0,0,0,0,0,1,0,0,0,0,0,0,1,1,0,1,1,1,1,1,1,1,1,1,0,1,1,1,1,1,0,1,1,1,1,1,1,1,1,1,1,1,Rep. Trent Kelly [R],MS,24,Republican,1,1,1
1,1,1,0,0,0,0,0,0,0,0,1,0,1,1,1,1,1,1,0,1,0,1,1,1,1,1,1,0,0,0,1,0,0,0,0,0,1,0,0,0,0,0,0,1,1,0,1,1,1,1,1,1,1,1,1,0,1,1,1,1,1,0,1,1,1,1,1,1,1,1,1,1,1,Rep. Barry Loudermilk [R],GA,9,Republican,1,11,3
1,1,1,0,0,0,0,0,0,0,0,1,0,1,1,1,1,1,1,0,0.5,0,1,1,1,1,1,1,0,0,0,1,0,0,0,0,0,1,0,0,0,0,0,0,1,1,0,1,1,1,1,1,1,1,1,1,0,1,1,1,1,1,0,1,1,1,1,1,1,1,1,1,1,1,Rep. Darrell Issa [R],CA,4,Republican,1,49,44
0,1,0,1,1,1,1,1,1,1,1,0,1,0,1,1,0,0,0,0.5,0,0.5,0.5,0,0,1,0,0,1,1,1,0,1,1,1,1,1,0,1,1,1,1,1,1,0,0,1,0,0,0,0,0,1,1,0,0,1,0,0.5,1,0.5,0,1,0,0,0,0,0,0,0,0,0,0,0,Rep. Terri Sewell [D],AL,1,Democrat,0,7,51
0,1,0,1,1,1,1,1,1,1,1,0,1,0,1,1,0,0,1,1,0,1,1,0,0,1,0.5,1,1,1,1,0,1,1,1,1,1,0,1,1,1,1,1,1,0,0,1,0,0,0,0,0,1,1,0,0,1,0,1,1,0,0,0.5,0,0,1,0,0,0,0,0,0,0,0,Rep. Vicente Gonzalez [D],TX,42,Democrat,0,15,7
0,0,0,1,1,1,1,1,1,1,1,0,1,0,1,1,0,0,1,1,0,1,1,0,0,1,0,0,1,1,1,0,1,1,1,1,1,0,1,1,1,1,1,1,0,0,1,0.5,0,0,0,0,1,1,0,0,1,0,0.5,1,0,0,1,0,0,0,0,0,0,0,0,0,0,0,Rep. Judy Chu [D],CA,4,Democrat,0,27,20
0,0,0,1,1,1,1,1,1,1,1,0,1,0,1,1,0,0,1,1,0,1,1,0,0,1,0,0,1,1,1,0,1,1,1,1,1,0,1,1,1,1,1,1,0,0,1,0,0,0,0,0,1,1,0,0,1,0,1,1,0,0,1,0,0,0,0,0,0,0,0,0,0,0,Rep. John Yarmuth [D],KY,16,Democrat,0,3,23
1,1,1,0,0,0,0,0,0,0,0,1,0,1,1,1,1,1,1,0,1,0,1,1,1,1,1,1,0,0,0,1,0,0,0,0,0,1,0,0,0,0,0,0,1,1,0,1,1,1,1,1,1,1,1,1,0,1,1,1,1,1,0,1,1,1,1,1,1,1,1,1,1,1,Rep. Randy Hultgren [R],IL,13,Republican,1,14,6
1,1,1,0,0,0,0,0,0,0,0,1,0,1,1,1,1,1,1,0,1,0,1,1,1,1,1,1,0,0,0,1,0,0,0,0,0,1,0,0,0,0,0,0,1,1,0,1,1,1,1,1,0.5,0.5,1,1,0,1,1,1,1,1,0,1,1,1,0,1,1,1,1,0,1,1,Rep. David Reichert [R],WA,46,Republican,1,8,52
0,1,0,1,1,1,1,1,1,1,1,0,1,0,1,1,0,0,0.5,0,0,0,1,0,1,1,0,1,1,1,1,0,1,1,1,0,1,0,1,0,1,1,1,1,1,0,1,1,0,0,0,0,1,1,0,0,1,0,1,1,0,0,0,0,0,0,0,0,0,0,1,0,1,0,Rep. Kyrsten Sinema [D],AZ,3,Democrat,0,9,53
0,0,0,1,1,1,1,1,1,1,1,0,1,0,0.5,0.5,0,0,1,1,0.5,1,1,0.5,0.5,0.5,0,0,1,1,1,0,1,1,1,1,1,0,1,1,1,1,1,1,1,0,1,1,0,0,0,0,1,1,0,0,1,0,1,1,0,0,1,0,0,0,1,0,0,0,1,0,0,0,Rep. Sanford Bishop Jr. [D],GA,9,Democrat,0,2,12
1,1,1,0,0,0,0,0,0,0,0,1,0,1,1,1,1,1,1,0,1,0,1,1,1,1,1,1,0,0,0,1,0,0,0,0,0,1,0,0,0,0,0,0,1,1,0,1,1,1,1,1,1,1,1,1,0,1,1,1,1,1,0,1,1,1,1,1,1,1,1,1,1,1,Rep. Steve Womack [R],AR,2,Republican,1,3,23
0,0,0,1,1,1,1,1,1,1,1,0,1,0,1,1,0,0,1,1,0,1,0,0,0,1,0.5,0.5,0.5,0.5,0.5,0,0.5,0.5,0.5,0.5,1,0,1,1,1,1,1,1,0,0,1,0,0.5,0.5,0,0,1,1,0,0,1,0,0.5,1,0.5,0.5,1,0,0,0,0,0,0,0,0,0,0,0,Rep. Nancy Pelosi [D],CA,4,Democrat,0,12,4
0,1,0,1,1,1,1,1,1,1,1,0,1,0,1,1,0,0,1,1,0,1,1,0,0,1,0,0,1,1,1,0,1,1,1,1,1,0,1,1,1,1,1,1,0,0,1,0,0,0,0,0,1,1,0,0,1,0,0.5,1,0,0,1,0,0,0,0,0,0,0,0,0,0,0,Rep. Raja Krishnamoorthi [D],IL,13,Democrat,0,8,52
1,1,1,0,0,0,0,0,0,0,0,1,0,1,1,1,1,1,0,0,1,0,1,1,1,1,1,1,0,0,0,1,0,0,0,0,0,1,0,0,0,0,0,0,1,1,0,1,1,1,1,1,1,1,1,1,0,1,1,1,1,1,0,1,1,1,1,0.5,1,1,1,0,1,1,Rep. Patrick Meehan [R],PA,37,Republican,1,7,51
1,1,1,0,0,0,0,0,0,0,0,1,0,1,1,1,1,1,1,0,1,0,1,1,1,1,1,1,0,0,0,1,0,0,0,0,0,1,0,0,0,0,0,0,1,1,0,1,1,1,1,1,1,1,1,1,0,1,1,1,1,1,0,1,1,1,1,1,1,1,1,1,1,1,Rep. Jody Hice [R],GA,9,Republican,1,10,2
0,1,0,1,1,1,1,1,1,1,1,0,1,0,1,1,0,0,1,0,0,0,1,0,0,1,0,1,1,1,1,0,1,1,1,1,1,0,1,1,1,1,1,1,0,0,1,0,0,0,0,0,1,1,0,0,1,0,1,1,0,0,1,0,0,0,0,0,0,0,0,0,0,0,Rep. Jim Cooper [D],TN,41,Democrat,0,5,45
0,1,0,1,1,1,1,1,1,1,1,0,1,0,1,1,0,0,0,1,0,1,1,0,0,1,0,0,1,1,1,0,1,1,1,1,1,0,1,1,1,1,1,1,0,0,1,0,0,0,0,0,1,1,0,0,1,0,1,1,0,0,1,0,0,0,0,0,0,0,0,0,0,0,Rep. Julia Brownley [D],CA,4,Democrat,0,26,19
1,1,1,0,0,0,0,0,0,0,0,1,0,1,1,1,1,1,1,0,1,0,1,1,1,1,1,1,0,0,0,1,0,0,0,0,0,1,0,0,0,0,0,0,1,1,0,1,1,1,1,1,1,1,1,1,0,1,1,1,1,1,0,1,1,1,1,1,1,1,0.5,1,1,1,Rep. Warren Davidson [R],OH,34,Republican,1,8,52
0,1,0,1,1,1,1,1,1,1,1,0,1,0,1,1,0,0,1,1,0,1,0,0,0,1,0,0,1,1,1,0,1,1,1,1,1,0,0.5,0.5,0.5,0.5,1,0.5,0.5,0.5,0.5,0.5,0.5,0.5,0.5,0.5,1,1,0,0,1,0,1,1,0,0,1,0,0,0,0,0,0,0,0.5,0,0,0,Rep. Lois Frankel [D],FL,8,Democrat,0,21,14
1,1,1,0,0,0,0,0,0,0,0,1,0,1,1,1,1,1,1,0,1,0,1,1,1,1,0.5,0.5,0.5,0.5,0.5,1,0,0,0,0,0,1,0,0,0,0,0,0,1,1,0,1,1,1,1,1,1,1,1,1,0,1,1,1,1,1,0,1,1,1,1,1,1,1,1,1,1,1,Rep. Doug Lamborn [R],CO,5,Republican,1,5,45
0,1,1,0,1,0,1,1,1,1,1,0,1,1,1,1,0,0,0,1,0,1,1,0,0,1,1,1,0,1,0,0,0,0,0,0,1,1,1,1,1,1,1,1,0,0,1,0,0,0,0,0,1,1,0,1,1,1,1,1,1,0,1,0,0,1,1,0,0,0.5,0.5,1,1,0,Rep. Collin Peterson [D],MN,22,Democrat,0,7,51
0,0,0,1,1,1,1,1,1,1,1,0,1,0,1,1,0,0,1,1,0,1,0,0.5,0.5,0.5,0,0,1,1,1,0,1,1,1,1,1,0,1,1,1,1,1,1,0,0,1,0,0,0,0,0,1,1,0.5,0.5,0.5,0.5,1,1,0,0,1,0,0,0,0,0,0,0,0,0,0,0,Rep. Eddie Johnson [D],TX,42,Democrat,0,30,24
1,1,1,0,0,0,0,0,0,0,0,1,0,1,1,1,1,1,0,0,1,0,1,1,1,1,1,1,0,0,0,1,0,0,0,0,0,1,0,0,0,0,0,0,1,1,0,1,1,1,1,1,1,1,1,1,0,1,1,1,1,1,0,1,1,1,1,1,1,1,1,1,1,1,Rep. Garret Graves [R],LA,17,Republican,1,6,50
1,1,1,0,0,0,0,0,0,0,0,1,0,1,1,1,1,1,1,0,1,0,1,1,1,1,1,1,0,0,0,1,0,0,0,0,0,1,0,0,0,0,0,0,1,1,0,1,1,1,1,1,1,1,1,1,0,1,1,1,1,1,0,1,1,1,1,1,1,1,1,1,1,1,Rep. Kristi Noem [R],SD,40,Republican,1,0,0
1,1,1,0,0,0,0,0,0,0,0,1,0,1,1,1,1,1,1,0,1,0,1,0.5,0.5,0.5,0.5,0.5,0.5,0.5,0.5,1,0.5,0.5,0.5,0.5,0.5,0.5,0,0,0,0,0,0,1,1,0,1,1,1,1,1,1,1,1,1,0,1,1,1,1,1,0,1,1,1,1,1,1,1,1,1,1,1,Rep. Andy Harris [R],MD,19,Republican,1,1,1
1,1,1,0,0,0,0,0,0,0,0,1,0,1,1,1,1,1,1,0,1,0,1,1,1,0,1,1,0,0,0,1,0,0,0,0,0,1,0,0,0,0,0,0,1,1,0,1,1,1,0,0,0,1,1,1,0,1,1,0,1,1,0,1,1,1,1,1,1,1,1,1,1,1,Rep. Thomas Massie [R],KY,16,Republican,1,4,34
1,1,1,0,0,0,0,0,0,0,0,1,0,1,1,1,1,1,1,0,1,0,1,1,1,1,1,1,0,0,0,1,0,0,0,0,0,1,0,0,0,0,0,0,1,1,0,1,1,1,1,1,1,1,1,1,0,1,1,1,1,1,0,1,1,1,1,1,1,1,1,1,1,1,Rep. Paul Cook [R],CA,4,Republican,1,8,52
0,1,0,1,1,1,1,1,1,1,1,0,1,0,1,1,0,0,0,1,0,1,0,0,0,1,0,0,1,1,1,0,1,1,1,1,1,0,1,1,1,1,1,1,0,0,1,0,0,0,0,0,1,1,0,0,1,0,1,1,0,0,1,0,0,0,0,0,0,0,0,0,0,0,Rep. Frank Pallone Jr. [D],NJ,30,Democrat,0,6,50
1,1,1,0,0,0,0,0,0,0,0,1,0,1,1,1,1,1,1,0,1,0,1,1,1,1,1,1,0,0,0,1,0,0,0,0,0,1,0,0,0,0,0,0,1,1,0,1,1,1,1,1,1,1,1,1,0,1,1,1,1,1,0,1,1,1,1,1,1,1,1,1,1,1,Rep. Cathy McMorris Rodgers [R],WA,46,Republican,1,5,45
1,1,1,0,0,0,0,0,0,0,0,1,0,1,1,1,1,1,1,0,1,0,1,1,1,1,1,1,0,0,0,1,0,0,0,0,0,1,0,0,0,0,0,0,1,1,0,1,1,1,1,1,1,1,1,1,0,1,1,1,1,1,0,1,1,1,1,1,1,1,1,1,1,1,Rep. Jason Lewis [R],MN,22,Republican,1,2,12
1,1,1,0,0,0,0,0,0,0,0,1,0,1,1,1,1,1,1,0,1,0,1,1,1,1,1,1,0,0,0,1,0,0,0,0,0,1,0,0,0,0,0,0,1,1,0,1,1,1,1,1,1,1,1,1,0,1,1,1,1,1,0,1,1,1,1,1,1,1,1,1,1,1,Rep. Gregg Harper [R],MS,24,Republican,1,3,23
0,0.5,0,1,1,1,1,1,1,1,1,0,1,0,1,1,0,0,1,1,0,1,1,0,0,1,0,0,1,1,1,0,1,1,1,1,1,0,1,1,1,1,1,1,0,0,1,0,0,0,0,0,1,1,0,0,1,0,1,1,0.5,0.5,1,0,0,0,0,0,0,0,0,0,0,0,Rep. Zoe Lofgren [D],CA,4,Democrat,0,19,11
0,0,0,1,1,1,1,1,1,1,1,0,1,0,1,1,0,0,0,1,0,1,1,0.5,0,1,0,0,1,1,1,0,1,1,1,1,1,0,1,1,1,1,1,1,0,0,1,0,0,0,0,0,1,1,0,0,1,0,1,1,0,0,1,0,0,0,0,0,0,0,0,0,0,0,Rep. Betty McCollum [D],MN,22,Democrat,0,4,34
0,1,0,1,1,1,1,1,1,1,1,0,1,0,1,1,0,0,1,1,0,1,1,0,0,1,0,0,1,1,1,0,1,1,1,1,1,0,1,1,1,1,1,1,0,0,1,0,0,0,0,0,0.5,0.5,0,0,1,0,1,1,0,0,1,0,0,0,0,0,0,0,0,0,0,0,Rep. Brenda Lawrence [D],MI,21,Democrat,0,14,6
1,1,1,0,0,0,0,0,0,0,0,1,0,1,1,1,1,1,1,0,1,0,1,1,1,1,1,1,0,0,0,1,0,0,0,0,0,1,0,0,0,0,0,0,1,1,0,1,1,1,1,1,1,1,1,1,0,1,1,1,1,1,0,1,1,1,1,1,1,1,1,1,1,1,Rep. David Kustoff [R],TN,41,Republican,1,8,52
0,1,0,1,0.5,1,1,1,1,1,1,0,1,0,1,1,0,0,0,1,0,1,1,0,0,1,0,0,1,1,1,0,1,1,1,1,1,0,1,1,1,1,1,1,0,0,1,0,0,0,0,0,1,1,0,0,1,0,1,1,0,0,1,0,0,0,0,0,0,0,0.5,0,0,0,Rep. Norma Torres [D],CA,4,Democrat,0,35,29
1,1,0.5,0.5,0.5,0.5,0.5,0.5,0.5,0.5,0.5,0.5,0.5,0.5,1,1,1,1,0,0,1,0,1,1,1,1,1,1,0,0,0,1,0,0,0,0,0,1,0,0,0,0,0,0,1,1,0,1,1,1,1,1,1,1,1,1,0,1,1,1,1,1,0,1,1,1,1,1,1,1,1,1,1,1,Rep. Lynn Jenkins [R],KS,15,Republican,1,2,12
0,1,0,1,1,1,1,1,1,1,1,0,1,0,1,1,0,0,1,1,0,1,1,0,0,1,0,0,1,1,1,0,1,1,1,1,1,0,1,1,1,1,1,1,0,0,1,0,0,0,0,0,1,1,0,0,1,0,1,1,0,0,1,0,0,0,0,0,0,0,0,0,0,0,Rep. Donald Norcross [D],NJ,30,Democrat,0,1,1
1,1,1,1,0,0,0,0,0,0,0,1,0,1,1,1,1,1,0,0,1,0,1,1,1,1,1,1,0,0,0,1,0,0,0,0,0,1,0,0,0,0,0,0,1,1,0,1,1,1,0,1,1,1,1,1,0,1,1,1,1,1,0,1,1,1,1,1,1,1,1,0,1,1,Rep. John Katko [R],NY,33,Republican,1,24,17
1,1,1,0,0,0,0,0,0,0,0,1,0,1,1,1,1,1,1,0,1,0,1,1,1,1,1,1,0,0,0,1,0,0,0,0,0,1,0,0,0,0,0,0,1,1,0,0.5,1,1,1,1,1,1,1,1,0,1,1,1,1,1,0,1,1,1,1,1,1,1,1,1,1,1,Rep. Tim Murphy [R],PA,37,Republican,1,18,10
0,1,0,1,1,1,1,1,1,1,1,0,1,0,1,1,0,0,0,0,0,0,1,0,0,1,1,1,1,1,1,0,1,1,1,0,1,1,1,1,1,1,1,1,0,0,1,0,0.5,0,0,0,1,1,0,0,0.5,0.5,0.5,0.5,0,0,0.5,0,0,0,1,0,0,1,0,1,0,0,Rep. Jim Costa [D],CA,4,Democrat,0,16,8
1,1,1,0,0,0,0,0,0,0,0,1,0,1,1,1,1,1,1,0,1,0,1,1,1,1,1,1,0,0,0,1,0,0,0,0,0,1,0,0,0,0,0,0,1,1,0,1,1,1,1,1,1,1,1,1,0,1,1,1,1,1,0,1,1,1,1,1,1,1,1,1,1,1,Rep. Martha Roby [R],AL,1,Republican,1,2,12
0,1,0,1,1,1,1,1,1,1,1,0,1,0.5,1,1,0.5,0,0,1,0,1,0,0,0,1,0,0,1,1,1,0,1,1,1,1,1,0,1,1,1,1,1,1,0,0,1,0,0,0,0,0,1,1,0,0,1,0,1,1,0,0,1,0,0,0,0,0,0,0,0,0,0,0,Rep. Frederica Wilson [D],FL,8,Democrat,0,24,17
0,1,0,1,1,1,1,1,1,1,1,0,1,0,1,1,0,0,0,0,0,0,1,0,0,1,0,0,1,1,1,0,1,1,1,1,1,0,1,1,1,1,1,1,0,0,1,0,0,0,0,0,1,1,0,0,1,0,1,1,0,0,1,0,0,0,0,0,0,0,1,0,0,0,Rep. Ron Kind [D],WI,47,Democrat,0,3,23
1,1,1,0,0,0,0,0,0,0,0,1,0,1,1,1,1,1,0,0,1,0,1,1,1,1,1,1,0,0,0,1,0,0,0,0,0,1,0,0,0,0,0,0,1,1,0,1,1,1,1,1,1,1,1,1,0,1,1,1,1,1,0,1,1,1,1,1,1,1,1,1,1,1,Rep. Rob Woodall [R],GA,9,Republican,1,7,51
0,1,0,1,1,1,1,1,1,1,1,0,1,0,1,1,0,0,1,1,0,1,1,0,0,1,0,0,1,1,1,0,1,1,1,1,1,0,1,1,1,1,1,1,0,0,1,0,0,0,0,0,1,1,0,0,1,0,1,1,0,0,1,0,0,0,0,0,0,0,0,0,0,0,Rep. Joseph Kennedy III [D],MA,18,Democrat,0,4,34
0,1,0,1,1,1,1,1,1,1,1,0,1,0,1,1,0,0,0,1,0,1,0,0,0,1,0,0,1,1,1,0,1,1,1,1,1,0,1,1,1,1,1,1,0,0,1,0,0,0,0,0,1,1,0,0,1,0,1,1,0,0,1,0,0,0,0,0,0,0,0,0,0,0,Rep. Adriano Espaillat [D],NY,33,Democrat,0,13,5
1,1,1,0,0,0,0,0,0,0,0,1,0,1,1,1,1,1,1,0,1,0,1,1,1,1,1,1,0,0,0,1,0,0,0,0,0,1,0,0,0,0,0,0,1,1,0,1,1,1,1,1,1,1,1,1,0,1,1,1,1,1,0,1,1,1,1,1,1,1,1,1,1,1,Rep. David “Phil” Roe [R],TN,41,Republican,1,1,1
0,1,0,1,1,1,1,1,1,1,1,0,1,0,1,1,0,0,0,0,0,1,1,0,0,1,0,1,1,1,1,0,1,1,1,1,1,0,1,1,1,1,1,1,0,0,1,0,0,0,0,0,1,1,0,0,1,0,1,1,0,0,1,0,0,0,0,0,0,0,0,0,0,0,Rep. Ami Bera [D],CA,4,Democrat,0,7,51
0,0,0,1,1,1,1,1,1,1,1,0,1,0,1,1,0,0,0,1,0,1,0,0.5,0.5,0.5,0,0,1,1,1,0,1,1,1,1,1,0,1,1,1,1,1,1,0,0,1,0,0,0,0,0,1,1,0,0,1,0,1,1,0,0,1,0,0,0,0,0,0,0,0,0,0,0,Rep. Karen Bass [D],CA,4,Democrat,0,37,31
0,0,0,1,1,1,1,1,1,1,1,0,1,0,1,1,0,0,0,1,0,1,1,0,0,1,0,0,1,1,1,0,1,1,1,1,1,0,1,1,1,1,1,1,0,0,1,0,0,0,0,0,1,1,0,0,1,0,1,1,0,0,1,0,0,0,0,0,0,0,0,0,0,0,Rep. Joaquin Castro [D],TX,42,Democrat,0,20,13
1,1,1,0,0,0,0,0,0,0,0,1,0,1,1,1,1,1,0,0,1,0,1,1,1,1,1,1,0,0,0,1,0,0,0,0,0,1,0,0,0,0,0,0,1,1,0,1,1,1,1,1,1,1,1,1,0,1,1,1,1,1,0,1,1,1,1,1,1,1,1,1,1,1,Rep. Doug Collins [R],GA,9,Republican,1,9,53
1,1,1,0,0,0.5,0,0,0,0,0,1,0,1,1,1,1,1,0,0,1,0,1,1,1,1,1,0,0,0,0,1,0,0,0,0,0,1,0,0,0,0,0,0,1,1,0,1,1,1,1,1,1,1,1,1,0,1,1,1,1,1,0,1,1,1,1,1,1,1,1,1,1,1,Rep. Todd Rokita [R],IN,14,Republican,1,4,34
0,1,0,1,1,1,1,1,1,1,1,0,1,0,1,1,0,0,1,1,0,1,0,0,0,1,0,0,1,1,1,0,1,1,1,1,1,0,1,1,1,1,1,1,0,0,1,0,0,0,0,0,1,1,0,0,1,0,0.5,1,0,0,1,0,0,0,0,0,0,0,0,0,0,0,Rep. Grace Napolitano [D],CA,4,Democrat,0,32,26
1,1,1,0,0,0,0,0,0,0,0,1,0,1,1,1,1,1,1,0,1,0,1,1,1,1,1,1,0,0,0,1,0,0,0,0,0,1,0,0,0,0,0,0,1,1,0,1,1,1,1,1,1,1,1,1,0,1,0.5,0.5,1,1,0,0.5,1,1,1,1,1,1,1,1,1,1,Rep. Marsha Blackburn [R],TN,41,Republican,1,7,51
1,1,1,0,0,0,0,0,0,0,0,1,0,1,1,1,1,1,1,0,1,0,1,1,1,1,1,1,0,0,0,1,0,0.5,0,0,0,1,0.5,0,0,0,0,0,1,1,0,1,1,1,1,1,1,1,1,1,0,1,1,1,1,1,0,0.5,0.5,0.5,0.5,0.5,0.5,0.5,0.5,0.5,1,1,Rep. Mark Walker [R],NC,26,Republican,1,6,50
0,0,0,1,1,1,1,1,1,1,1,0,1,0,1,1,0,0,0,1,0,1,0,0,0,1,0,0,1,1,1,0,1,1,1,1,1,0,1,1,1,1,1,1,0,0,1,0,0,0,0,0,1,1,0,0,1,0,1,1,0,0,1,0,0,0,0,0,0,0,0,0,0,0,Rep. James “Jim” McGovern [D],MA,18,Democrat,0,2,12
1,1,1,0,0,0,1,0,0,0,0,1,0,1,1,1,1,1,1,0,1,0,1,1,1,1,1,1,0,0,0,1,0,0,0,0,0,1,0,0,0,1,0,0,1,1,0,1,1,1,0,1,1,1,1,1,0,1,1,1,1,1,0,1,1,1,1,1,1,1,1,1,1,1,Rep. Charles Dent [R],PA,37,Republican,1,15,7
1,1,1,0,0,0,0,0,0,0,0,1,0,1,1,1,1,1,0,0,1,0,1,1,1,0,1,1,0,0,0,1,0,0,0,0,0,1,0,0,0,0,0,0,1,1,0,1,1,1,1,1,0,1,1,1,0,1,1,1,1,1,0,1,1,1,1,1,1,1,1,1,1,1,Rep. Jim Jordan [R],OH,34,Republican,1,4,34
1,1,1,0,0,0,0,0,0,0,0,1,0,1,1,1,1,1,1,0,1,0,1,1,1,1,1,1,0,0,0,1,0,0,0,0,0,1,0,0,0,0,0,0,1,1,0,1,1,1,1,1,1,1,1,1,0,1,1,1,1,1,0,1,1,1,1,1,1,1,1,1,1,1,Rep. Billy Long [R],MO,23,Republican,1,7,51
1,1,1,0,0,0,0,0,0,0,0,1,0,1,1,1,1,1,1,0,1,0,1,1,1,1,1,1,0,0,0,1,0,0,0,0,0,1,0,0,0,0,0,0,1,1,0,1,1,1,1,1,1,1,1,1,0,1,1,1,1,1,0,1,1,1,1,1,1,1,1,1,1,1,Rep. Frank Lucas [R],OK,35,Republican,1,3,23
0,1,0,1,1,1,1,1,1,1,1,0,1,0,1,1,0,0,0.5,0,0,1,1,0,0,1,0,0,1,1,1,0,1,1,1,1,1,0,1,1,1,1,1,1,1,0,1,0,0,0,0,0,1,1,0,0,1,0,1,1,0,0,1,0,0,0,0,0,0,0,0,0,0,0,Rep. Jacky Rosen [D],NV,32,Democrat,0,3,23
0,0,0,1,1,1,1,1,1,1,1,0,1,0,1,1,0.5,0.5,0.5,0.5,0,0.5,0.5,0,0,1,0,0,1,1,1,0,1,1,1,1,1,0,1,1,1,1,1,1,0,0,1,0,0,0,0,0,1,1,0,0,1,0,1,1,0,0,1,0,0,0,0,0,0,0,0,0,0,0,Rep. Janice “Jan” Schakowsky [D],IL,13,Democrat,0,9,53
0,1,0,1,1,1,1,1,1,1,1,0,1,0,1,1,0,0,0,0,0,0,1,0,0,1,0,1,1,1,1,0,1,1,1,1,1,0,1,0,1,1,1,1,1,0,1,1,0,0,0,0,1,1,0,0,1,0,1,1,0,0,1,0,0,0,0,0,0,0,0,0,0,0,Rep. Scott Peters [D],CA,4,Democrat,0,52,48
0,0,0,1,1,1,1,1,1,1,1,0,1,0,1,1,0,0,0,1,0,1,0,0,0,1,0,0,1,1,1,0,1,1,1,1,1,0,1,1,1,1,1,1,0,0,1,0,0,0,0,0,1,1,0,0,1,0,1,1,0,0,1,0,0,0,0,0,0,0,0,0,0,0,Rep. Bennie Thompson [D],MS,24,Democrat,0,2,12
1,1,1,0,0,0,0,0,0,0,0,1,0,1,1,1,1,1,0,0,1,0,1,1,1,1,1,1,0,0,0,1,0,0,0,0,0,1,0,0,0,0,0,0,1,1,0,1,1,1,1,1,1,1,1,1,0,1,1,1,1,1,0,1,1,1,1,1,1,1,1,1,1,1,Rep. Steve Knight [R],CA,4,Republican,1,25,18
1,1,1,0,0,0,0,0,0,0,0,1,0,1,1,1,1,1,1,0,1,0,1,1,1,1,1,1,0,0,0,1,0,0,0,0,0,1,0,0,0,0,0,0,1,1,0,1,1,1,1,1,1,1,1,1,0,1,1,1,1,1,0,1,1,1,1,1,1,1,1,1,1,1,Rep. Dave Trott [R],MI,21,Republican,1,11,3
1,1,1,0,0,0,0,0,0,0,0,1,0,1,1,1,1,1,0,0,1,0,1,1,1,1,1,1,0,0,0,1,0,0,0,0,0,1,0,0,0,0,0,0,1,1,0,1,1,1,1,1,1,1,1,1,0,1,1,1,1,1,0,1,1,1,1,1,1,1,1,1,1,1,Rep. Virginia Foxx [R],NC,26,Republican,1,5,45
1,1,1,0,0,0,0,0,0,0,0,1,0,1,1,1,1,1,0,0,1,0,1,1,1,1,1,1,0,0,0,1,0,0,0,0,0,1,0,0,0,0,0,0,1,1,0,1,1,1,1,1,1,1,1,1,0,1,1,1,1,1,0,1,1,1,1,1,1,1,1,1,1,1,Rep. French Hill [R],AR,2,Republican,1,2,12
1,1,1,0,0,0,0,0,0,0,0,1,0,1,1,1,1,1,1,0,1,0,1,1,1,0,1,1,0,0,0,1,0,0,0,0,0,1,0,0,0,0,0,0,1,1,0,1,1,1,1,1,1,1,1,1,0,1,1,1,1,1,0,1,1,1,1,1,1,1,1,1,1,1,Rep. Glenn Grothman [R],WI,47,Republican,1,6,50
1,1,1,0,0,0,0,0,0,0,0,1,0,1,1,1,1,1,0,0,1,0,1,1,1,1,1,1,0,0,0,1,0,0,0,0,0,1,0,0,0,0,0,0,1,1,0,1,1,1,1,1,1,1,1,1,0,1,1,1,1,1,0,1,1,1,1,1,1,1,1,1,1,1,Rep. Bill Johnson [R],OH,34,Republican,1,6,50
1,1,1,0,0,0,0,0,0,0,0,1,0,1,1,1,1,1,1,0,1,0,1,1,1,1,1,1,0,0,0,1,0,0,0,0,0,1,0,0,0,0,0,0,1,1,0,1,1,1,1,1,0.5,1,1,1,0,1,1,1,1,1,0,1,1,1,1,1,1,1,1,1,1,1,Rep. Mike Bishop [R],MI,21,Republican,1,8,52
1,1,1,0,0,0,0,0,0,0,1,1,0,1,1,1,1,1,0,0,1,0,1,1,1,1,1,1,0,0,0,1,0,1,0,0,0,1,0,0,0,0,0,0,1,1,0,1,1,1,1,1,1,1,1,1,0,1,1,1,1,1,0,1,1,1,1,1,1,1,1,1,1,1,Rep. Scott Tipton [R],CO,5,Republican,1,3,23
1,1,1,0,0,0,0,0,0,0,0,1,0,1,1,1,1,1,0,0,1,0,1,1,1,1,1,1,0,0,0,1,0,0,0,0,0,1,0,0,0,0,0,0,1,1,0,1,1,1,1,1,1,1,1,1,0,1,1,1,1,1,0,1,1,1,1,0.5,0.5,1,1,1,1,1,Rep. Richard Hudson [R],NC,26,Republican,1,8,52
0,1,0,1,1,1,1,1,1,1,1,0,1,0,1,1,0,0,1,0,0,0,1,0,0,1,0,1,1,1,1,0,1,1,1,1,1,0,1,1,1,1,1,1,0,0,1,0,0,0,0,0,1,1,0,0,1,0,1,1,0,0,1,0,0,0,0,0,0,0,0,0,0,0,Rep. Bradley Schneider [D],IL,13,Democrat,0,10,2
1,1,1,0,0,0,0,0,0,0,0,1,0,1,0.5,0.5,1,1,0,0,1,0,1,1,1,0,1,1,0,0,0,1,0,0,0,0,0,1,0,0,0,0,0,0,1,1,0,1,1,1,1,1,1,1,1,1,0,1,1,1,1,1,0,1,1,1,1,1,1,1,1,1,1,1,Rep. Scott Perry [R],PA,37,Republican,1,4,34
1,1,1,0,0,0,0,0,0,0,0,1,0,1,1,1,1,1,0,0,1,0,1,1,1,1,1,1,0,0,0,1,0,0,0,0,0,1,0,0,0,0,0,0,1,1,0,1,1,1,1,1,1,1,1,1,0,1,1,1,1,1,0,1,1,1,1,1,1,1,1,1,1,1,Rep. Randy Weber [R],TX,42,Republican,1,14,6
0,0,0,1,1,1,1,1,1,1,1,0,1,0,1,1,0,0,1,1,0,1,1,0,0,1,0,0,1,1,1,0,1,1,1,1,1,0,1,1,1,1,1,1,0,0,1,0,0,0,0,0,0.5,0.5,0,0,1,0,1,1,0,0,1,0,0,0,0,0,0,0,0,0,0,0,Rep. Jackie Speier [D],CA,4,Democrat,0,14,6
0,1,0,1,1,1,1,1,1,1,1,0,1,0,1,1,0,0,1,1,0,1,0,0,0,1,0.5,0.5,0.5,0.5,0.5,0,0.5,0.5,0.5,0.5,0.5,0.5,1,1,1,1,1,1,0,0,1,0,0,0,0.5,0,1,1,0,0,1,0,0.5,1,0,0,1,0,0,0,0,0,0,0,0,0,0,0,Rep. Emanuel Cleaver II [D],MO,23,Democrat,0,5,45
0,1,0,1,1,1,1,1,1,1,1,0,1,0,1,1,0,0,0,1,0,1,0,0,0,1,0,0,1,1,1,0,1,1,1,1,1,0,1,1,1,1,1,1,0,0,1,0,0,0,0,0,1,1,0,0,1,0,1,1,0,0,1,0,0,0,0,0,0,0,0,0,0,0,Rep. Nanette Barragán [D],CA,4,Democrat,0,44,39
0,1,0,1,1,1,1,1,1,1,1,0,1,0,1,1,0,0,0,1,0,0,1,0,0,1,0,1,1,1,1,0,1,1,1,1,1,1,1,1,1,1,1,1,0,0,1,0,0,0,0,0,0.5,0.5,0,0,1,0,1,1,0,0,1,0,0,0,0,0,0,0,0,0,0,0,Rep. Stephanie Murphy [D],FL,8,Democrat,0,7,51
0,1,0,1,1,0.5,1,1,1,1,1,0,1,0,0.5,0.5,0.5,0.5,0.5,0.5,0,0.5,0.5,0.5,0.5,0.5,0.5,0.5,0.5,0.5,0.5,0,0.5,0.5,0.5,0.5,0.5,0.5,0.5,0.5,0.5,0.5,1,0.5,0.5,0.5,0.5,0.5,0,0,0,0,1,1,0,0,1,0,0.5,0.5,0,0,1,0,0,0,0,0,0,0,0,0,0,0,Rep. Tim Ryan [D],OH,34,Democrat,0,13,5
1,1,1,0,0,0,0,0,0,0,0,1,0,1,1,1,1,1,0,0,1,0,1,1,1,1,1,1,0,0,0,1,0,0,0,0,0,1,0,0,0,0,0,0,1,1,0,1,1,1,1,1,1,1,1,1,0,1,1,1,1,1,0,1,1,1,1,1,1,1,1,1,1,1,Rep. Michael Burgess [R],TX,42,Republican,1,26,19
1,1,1,0,0,0,0,0,0,0,0,1,0,1,1,1,1,1,1,0,1,0,1,1,1,0,1,1,0,0,0,1,0,0,0,0,0,1,0,0,0,0,0,0,1,1,0,1,1,1,1,1,1,1,1,1,0,1,1,1,1,1,0,1,1,1,1,1,1,1,1,1,1,1,Rep. Duncan Hunter [R],CA,4,Republican,1,50,46
0,0,0,1,1,1,1,1,1,1,1,0,1,0,1,1,0,0,0,1,0,1,1,0,0,1,0,0.5,1,1,1,0,1,1,1,1,1,0,1,1,1,1,1,1,0,0,1,0,0,0,0,0,1,1,0,0,1,0,1,1,0,0,1,0,0,0,0,0,0,0,0,0,0,0,Rep. Richard Nolan [D],MN,22,Democrat,0,8,52
1,1,1,0,0,0,0,0,0,0,0,1,0,1,1,1,1,1,1,0,1,0,1,1,1,1,1,1,0,0,0,1,0,0,0,0,0,1,0,0,0,0,0,0,1,1,0,1,1,1,1,1,1,1,1,1,0,1,1,1,1,1,0,1,1,1,1,1,1,1,1,1,1,1,Rep. Garland “Andy” Barr [R],KY,16,Republican,1,6,50
0,0,0,1,1,1,1,1,0,1,1,0,1,0,1,1,0,0,1,1,0,1,0,0,0,1,0,0,1,1,1,0,1,1,1,1,1,0,1,1,1,1,1,1,0,0,1,0,0,0,0,0,0.5,0.5,0.5,0.5,0.5,0.5,1,1,0,0,1,0,0,0,0,0,0,0,0,0,0,0,Rep. Earl Blumenauer [D],OR,36,Democrat,0,3,23
0,0,0,1,1,1,1,1,1,1,1,0,1,0,1,1,0,0,0,1,0,1,0,0,0,1,0,0,1,1,1,0,1,1,1,1,1,0,1,1,1,1,1,1,0,0,1,0,0,0,0,0,1,1,0,0,1,0,1,1,0,0,1,0,0,0,0,0,0,0,0,0,0,0,Rep. José Serrano [D],NY,33,Democrat,0,15,7
1,1,1,0,0,0,0,0,0,0,0,1,0,1,1,1,1,1,0,0,1,0,1,1,1,1,1,1,0,0,0,1,0,0,0,0,0,1,0,0,0,0,0,0,1,1,0,1,1,1,1,1,1,1,1,1,0,1,1,1,1,1,0,1,1,1,1,1,1,1,1,1,1,1,Rep. Sean Duffy [R],WI,47,Republican,1,7,51
0,0,0,1,1,1,1,1,1,1,1,0,1,0,1,1,0,0,0,1,0,1,1,0,0,1,0,0,1,1,1,0,1,1,1,1,1,0,1,1,1,1,1,1,0,0,1,0,0,0,0,0,1,1,0,0,1,0,0.5,0.5,0,0,1,0,0,0,0,0,0,0,0,0,0,0,Rep. Peter DeFazio [D],OR,36,Democrat,0,4,34
0,1,0,1,1,1,1,1,1,1,1,0,1,0,1,1,0.5,0,0,1,0,1,1,0,0,1,0,0,1,1,1,0,1,1,1,1,1,0,1,1,1,1,1,1,0,0,1,0,0,0,0,0,1,1,0,0,1,0,0.5,1,0,0,1,0,0,0,0,0,0,0,0,0,0,0,Rep. Steny Hoyer [D],MD,19,Democrat,0,5,45
0,1,0,1,1,1,1,1,1,1,1,0,1,0,1,1,0,0,0,1,0,1,0,0,0,1,0,0,1,1,1,0,1,1,1,1,1,0,1,1,1,1,1,1,0,0,1,0,0,0,0,0,1,1,0,0,1,0,1,1,0,0,1,0,0,0,0,0,0,0,0,0,0,0,Rep. Nita Lowey [D],NY,33,Democrat,0,17,9
1,1,1,0,0,0,0,0,0,0,0,1,0,1,1,1,1,1,1,0,1,0,1,1,1,1,1,1,0,0,0,1,0,0,0,0,0,1,0,0,0,0,0,0,1,1,0,1,1,1,1,1,0.5,0.5,1,1,0,1,1,1,1,1,0,1,1,1,1,1,1,1,1,1,1,1,Rep. Daniel Webster [R],FL,8,Republican,1,11,3
0,1,0,1,1,1,1,1,1,1,1,0,1,0,1,1,0,0,1,1,0,1,1,0,0,1,0,1,1,1,1,0,1,1,1,1,1,0,1,1,1,1,1,1,0,0,1,1,0,0,0,0,1,1,0,0,1,0,1,1,0,0,1,0,0,0,0,0,0,0,0,0,0.5,0,Rep. David Scott [D],GA,9,Democrat,0,13,5
0,0,0,1,1,1,1,1,1,1,1,0,1,0,1,1,0,0,0,1,0,1,0,0,0,1,0,0,1,1,1,0,1,1,1,1,1,0,1,1,1,1,1,1,0,0,1,0,0,0,0,0,1,1,0,0,1,0,1,1,0,0,0.5,0,0,0,0,0,0,0,0,0,0,0,Rep. Ruben Kihuen [D],NV,32,Democrat,0,4,34
0,0,0,1,1,1,1,1,1,1,1,0,1,0,0.5,0.5,0,0,1,1,0.5,1,1,0,0,1,0,0,1,1,1,0,1,1,1,1,1,0,1,1,1,1,1,1,0,0,1,0,0,0,0,0,1,1,0,0,1,0,1,1,0,0,1,0,0,0,0,0,0,0,0,0,0,0,Rep. Lisa Blunt Rochester [D],DE,7,Democrat,0,0,0
0,1,0,1,1,1,1,1,1,1,1,0,1,0,1,1,0,0,0,1,0,1,1,0,0,1,0,0,1,1,1,0,1,1,1,1,1,0,1,1,1,1,1,1,0,0,1,0,0.5,0,0,0,1,1,0,0,1,0,1,1,0,0,1,0,0,0,0,0,0,0,0,0,0,0,Rep. William Keating [D],MA,18,Democrat,0,9,53
1,1,1,0,0,0,0,0,0,0,0,1,0,1,1,1,1,1,1,0,1,0,1,1,1,1,1,1,0,0,0,1,0,0,0,0,0,1,0,0,0,0,0,0,1,1,0,1,1,1,1,1,0.5,0.5,1,1,0,1,1,1,1,1,0,1,1,1,1,1,1,1,1,1,1,1,Rep. Joe Barton [R],TX,42,Republican,1,6,50
1,1,1,0,0,0,0,0,0,0,0,1,0,1,1,1,1,1,1,0,1,0,1,1,1,1,1,1,0,0,0,1,0,0,0,0,0,1,0,0,0,0,0,0,1,1,0,1,1,1,1,1,1,1,1,1,0,1,1,1,1,1,0,1,1,1,1,1,1,1,1,0,1,1,Rep. John Faso [R],NY,33,Republican,1,19,11
1,1,1,0,0,0,0,0,0,0,0,1,0,1,0.5,0.5,1,1,1,0,1,0,1,1,1,1,1,1,0,0,0,1,0,0,0,0,0,1,0,0,0,0,0,0,1,1,0,1,1,1,1,1,1,1,1,1,0,1,1,1,1,1,0,1,1,1,1,1,1,1,1,1,1,1,Rep. Ann Wagner [R],MO,23,Republican,1,2,12
1,1,1,0,0,0,0,0,0,0,0,1,0,1,1,1,1,1,1,0,1,0,1,1,1,1,1,1,0,0,0,1,0,0,0,0,0,1,0,0,0,0,0,0,1,1,0,1,1,1,1,1,1,1,1,1,0,1,1,1,1,1,0,1,1,1,1,1,1,1,1,0.5,1,1,Rep. Steve Scalise [R],LA,17,Republican,1,1,1
0,0,0,1,1,1,1,1,1,1,1,0,1,0,1,1,0,0,1,1,0,1,1,0,0,1,0,1,1,1,1,0,1,1,1,1,1,0,1,1,1,1,1,1,0,0,1,0,0,0,0,0,0.5,0.5,0,0,1,0,1,0.5,0,0,1,0,0,0,0,0,0,0,0,0,0,0,Rep. Cheri Bustos [D],IL,13,Democrat,0,17,9
0,1,0,1,1,1,1,1,1,1,1,0,1,0,1,1,0,0,1,1,0,1,1,0,0,1,0,1,1,1,1,0,1,1,1,1,1,0,1,1,1,1,1,1,0,0,1,0,0,0,0,0,1,1,0,0,1,0,1,1,0,0,1,0,0,1,0,0,0,0,0,0,0,0,Rep. Filemon Vela [D],TX,42,Democrat,0,34,28
0,1,0,1,1,1,1,1,1,1,1,0,1,0,1,1,0,0,1,1,0,1,0,0,0,1,0,0,1,1,1,0,1,1,1,1,1,0,1,1,1,1,1,1,0,0,1,0,0,0,0,0,1,1,0,0,1,0,1,1,0,0,1,0,0,0,0,0,0,0,0,0,0,0,Rep. Brad Sherman [D],CA,4,Democrat,0,30,24
1,1,1,0,0,0,0,0,0,0,0,1,0,1,1,1,1,1,0,0,1,0,1,1,1,1,1,1,0,0,0,1,0,0,0,0,0,1,0,0,0,0,0,0,1,1,0,1,1,1,1,1,1,1,1,1,0,1,1,1,1,1,0,1,1,1,1,1,1,1,1,1,1,1,Rep. Steven Palazzo [R],MS,24,Republican,1,4,34
0,1,0,1,1,1,1,1,1,1,1,0,1,0,1,1,0,0,1,1,0,1,1,0,0,1,0,0,1,1,1,0,1,1,1,1,1,0,1,1,1,1,1,1,0,0,1,0,0,0,0,0,1,1,0,0,1,0,0.5,0.5,0.5,0.5,1,0,0,0,0,0,0,0,0,0,0,0,Rep. Dina Titus [D],NV,32,Democrat,0,1,1
1,1,1,0,0,0,0,0,0,0,0,1,0,1,1,1,1,1,0,0,1,0,1,1,1,1,1,1,0,0,0,1,0,0,0,0,0,1,0,0,0,0,0,0,1,1,0,1,1,1,1,1,1,1,1,1,0,1,1,1,1,1,0,1,1,1,1,1,1,1,1,1,1,1,Rep. Mike Bost [R],IL,13,Republican,1,12,4
0.5,0.5,0.5,0.5,0.5,0.5,0.5,0.5,0.5,0.5,0.5,0.5,0.5,0.5,0.5,0.5,0.5,0.5,0.5,0.5,0,0.5,0.5,0.5,0.5,0.5,0.5,0.5,0.5,0.5,0.5,0,0.5,0.5,0.5,0.5,0.5,0.5,1,1,1,1,1,1,0,0,1,0,0.5,0.5,0.5,0.5,0.5,0.5,0.5,0.5,0.5,0.5,0.5,0.5,0.5,0.5,0.5,0,0,0.5,0.5,0.5,0.5,0.5,0.5,0.5,0.5,0.5,Rep. Bobby Rush [D],IL,13,Democrat,0,1,1
0,1,0,1,1,1,1,1,1,1,1,0,1,0,1,1,0,0,1,1,0,1,1,0,0,1,0,0,1,1,1,0,1,1,1,1,1,0,1,1,1,1,1,1,0,0,1,0,0,0,0,0,0.5,1,0,0,1,0,1,1,0,0,1,0,0,0,0,0,0,0,0,0,0,0,Rep. Joyce Beatty [D],OH,34,Democrat,0,3,23
1,1,1,0,0,0,0,0,0,0,0,1,0,1,1,1,1,1,0,0,0.5,0,1,1,1,1,1,1,1,0,0,1,0,0,0,0,0,1,0,0.5,0,0,0,0,1,1,0,1,1,1,1,1,1,1,1,1,0,1,0.5,0.5,1,1,0,1,1,1,1,1,1,1,1,1,1,1,Rep. Kenny Marchant [R],TX,42,Republican,1,24,17
1,0,1,0,0,0,0,0,1,0,0,1,0,1,1,1,1,1,1,0,1,0,1,1,1,1,1,1,0,0,0,1,0,0,0,0,0,1,0,0,0,0,0,1,1,1,0,1,1,1,1,1,1,1,1,1,0,1,1,0,1,1,0,1,1,1,1,1,1,1,1,1,1,1,Rep. John “Jimmy” Duncan Jr. [R],TN,41,Republican,1,2,12
1,1,1,0,0,0,0,0,0,0,0,1,0,1,1,0.5,1,1,0,0,0.5,0,1,1,1,1,1,1,0,0,0,1,0,0,0,0,0,1,0,0,0,0,0,0,1,1,0,1,0.5,1,1,1,1,1,1,1,0,1,1,1,1,1,0,1,1,1,1,1,1,1,1,1,1,1,Rep. Don Young [R],AK,0,Republican,1,0,0
0,1,0,1,1,1,1,1,1,1,1,0,1,0,1,1,0,0,0,1,0,1,0,0,0,1,0,0,1,1,1,0,1,1,1,1,1,0,1,1,1,1,1,1,0,0,1,0,0,0,0,0,1,1,0,0,1,0,1,1,0,0,1,0,0,0,0,0,0,0,0,0,0,0,Rep. John Sarbanes [D],MD,19,Democrat,0,3,23
0,0,0,1,1,1,1,1,1,1,1,0,1,0,1,1,0,0,0,0,0,0,0,0,0,1,0,0,1,1,1,0,1,1,1,1,1,0,1,1,1,1,1,1,0,0,1,0,0,0,0,0,1,1,0,0,1,0,1,1,0,0,1,0,0,0,0,0,0,0,0,0,0,0,Rep. Eric Swalwell [D],CA,4,Democrat,0,15,7
0,1,0,1,1,1,1,1,1,1,1,0,1,0,1,1,0,0,0,1,0,1,0,0,0,1,0,0,1,1,1,0,1,1,1,1,1,0,1,1,1,1,1,1,0,0,1,0,0,0,0,0,1,1,0,0,1,0,1,1,0,0,1,0,0,0,0,0,0,0,0,0,0,0,Rep. Jamie Raskin [D],MD,19,Democrat,0,8,52
1,1,1,0,0,0.5,0,0,0,0,0,1,0,1,1,1,1,1,1,0,1,0,1,1,1,1,1,0,0,0,0,1,0,0,0,0,0,1,0,0.5,0,0,0,0,1,1,0,1,1,1,1,1,1,1,1,1,0,1,1,1,1,1,0,1,1,1,1,1,1,1,0.5,1,1,1,Rep. Doug LaMalfa [R],CA,4,Republican,1,1,1
1,1,1,0,0,0,0,0,0,0,0,1,0,1,1,1,1,1,1,0,1,0,1,1,1,1,1,1,0,0,0,1,0,0,0,0,0,1,0,0,0,0,0,0,1,1,0,1,1,1,1,1,1,1,1,1,0,1,1,1,1,1,0,1,1,1,1,1,1,1,1,1,1,1,Rep. Mia Love [R],UT,43,Republican,1,4,34
